id,RX_SENSITIVITY_DBM,RSSI_INFLECTION_POINT,TRANSMITTING_RANGE,PATH_LOSS_EXPONENT,AWGN_SIGMA
1,-100,-60.0,25.0,2.0,1.0
2,-100,-60.0,25.0,2.0,2.5
3,-100,-60.0,25.0,2.0,4.0
4,-100,-60.0,25.0,2.0,5.5
5,-100,-60.0,25.0,2.0,7.0
6,-100,-60.0,25.0,2.0,8.5
7,-100,-60.0,25.0,2.0,10.0
8,-100,-60.0,25.0,2.5,1.0
9,-100,-60.0,25.0,2.5,2.5
10,-100,-60.0,25.0,2.5,4.0
11,-100,-60.0,25.0,2.5,5.5
12,-100,-60.0,25.0,2.5,7.0
13,-100,-60.0,25.0,2.5,8.5
14,-100,-60.0,25.0,2.5,10.0
15,-100,-60.0,25.0,3.0,1.0
16,-100,-60.0,25.0,3.0,2.5
17,-100,-60.0,25.0,3.0,4.0
18,-100,-60.0,25.0,3.0,5.5
19,-100,-60.0,25.0,3.0,7.0
20,-100,-60.0,25.0,3.0,8.5
21,-100,-60.0,25.0,3.0,10.0
22,-100,-60.0,25.0,3.5,1.0
23,-100,-60.0,25.0,3.5,2.5
24,-100,-60.0,25.0,3.5,4.0
25,-100,-60.0,25.0,3.5,5.5
26,-100,-60.0,25.0,3.5,7.0
27,-100,-60.0,25.0,3.5,8.5
28,-100,-60.0,25.0,3.5,10.0
29,-100,-60.0,25.0,4.0,1.0
30,-100,-60.0,25.0,4.0,2.5
31,-100,-60.0,25.0,4.0,4.0
32,-100,-60.0,25.0,4.0,5.5
33,-100,-60.0,25.0,4.0,7.0
34,-100,-60.0,25.0,4.0,8.5
35,-100,-60.0,25.0,4.0,10.0
36,-100,-60.0,30.0,2.0,1.0
37,-100,-60.0,30.0,2.0,2.5
38,-100,-60.0,30.0,2.0,4.0
39,-100,-60.0,30.0,2.0,5.5
40,-100,-60.0,30.0,2.0,7.0
41,-100,-60.0,30.0,2.0,8.5
42,-100,-60.0,30.0,2.0,10.0
43,-100,-60.0,30.0,2.5,1.0
44,-100,-60.0,30.0,2.5,2.5
45,-100,-60.0,30.0,2.5,4.0
46,-100,-60.0,30.0,2.5,5.5
47,-100,-60.0,30.0,2.5,7.0
48,-100,-60.0,30.0,2.5,8.5
49,-100,-60.0,30.0,2.5,10.0
50,-100,-60.0,30.0,3.0,1.0
51,-100,-60.0,30.0,3.0,2.5
52,-100,-60.0,30.0,3.0,4.0
53,-100,-60.0,30.0,3.0,5.5
54,-100,-60.0,30.0,3.0,7.0
55,-100,-60.0,30.0,3.0,8.5
56,-100,-60.0,30.0,3.0,10.0
57,-100,-60.0,30.0,3.5,1.0
58,-100,-60.0,30.0,3.5,2.5
59,-100,-60.0,30.0,3.5,4.0
60,-100,-60.0,30.0,3.5,5.5
61,-100,-60.0,30.0,3.5,7.0
62,-100,-60.0,30.0,3.5,8.5
63,-100,-60.0,30.0,3.5,10.0
64,-100,-60.0,30.0,4.0,1.0
65,-100,-60.0,30.0,4.0,2.5
66,-100,-60.0,30.0,4.0,4.0
67,-100,-60.0,30.0,4.0,5.5
68,-100,-60.0,30.0,4.0,7.0
69,-100,-60.0,30.0,4.0,8.5
70,-100,-60.0,30.0,4.0,10.0
71,-100,-60.0,35.0,2.0,1.0
72,-100,-60.0,35.0,2.0,2.5
73,-100,-60.0,35.0,2.0,4.0
74,-100,-60.0,35.0,2.0,5.5
75,-100,-60.0,35.0,2.0,7.0
76,-100,-60.0,35.0,2.0,8.5
77,-100,-60.0,35.0,2.0,10.0
78,-100,-60.0,35.0,2.5,1.0
79,-100,-60.0,35.0,2.5,2.5
80,-100,-60.0,35.0,2.5,4.0
81,-100,-60.0,35.0,2.5,5.5
82,-100,-60.0,35.0,2.5,7.0
83,-100,-60.0,35.0,2.5,8.5
84,-100,-60.0,35.0,2.5,10.0
85,-100,-60.0,35.0,3.0,1.0
86,-100,-60.0,35.0,3.0,2.5
87,-100,-60.0,35.0,3.0,4.0
88,-100,-60.0,35.0,3.0,5.5
89,-100,-60.0,35.0,3.0,7.0
90,-100,-60.0,35.0,3.0,8.5
91,-100,-60.0,35.0,3.0,10.0
92,-100,-60.0,35.0,3.5,1.0
93,-100,-60.0,35.0,3.5,2.5
94,-100,-60.0,35.0,3.5,4.0
95,-100,-60.0,35.0,3.5,5.5
96,-100,-60.0,35.0,3.5,7.0
97,-100,-60.0,35.0,3.5,8.5
98,-100,-60.0,35.0,3.5,10.0
99,-100,-60.0,35.0,4.0,1.0
100,-100,-60.0,35.0,4.0,2.5
101,-100,-60.0,35.0,4.0,4.0
102,-100,-60.0,35.0,4.0,5.5
103,-100,-60.0,35.0,4.0,7.0
104,-100,-60.0,35.0,4.0,8.5
105,-100,-60.0,35.0,4.0,10.0
106,-100,-60.0,40.0,2.0,1.0
107,-100,-60.0,40.0,2.0,2.5
108,-100,-60.0,40.0,2.0,4.0
109,-100,-60.0,40.0,2.0,5.5
110,-100,-60.0,40.0,2.0,7.0
111,-100,-60.0,40.0,2.0,8.5
112,-100,-60.0,40.0,2.0,10.0
113,-100,-60.0,40.0,2.5,1.0
114,-100,-60.0,40.0,2.5,2.5
115,-100,-60.0,40.0,2.5,4.0
116,-100,-60.0,40.0,2.5,5.5
117,-100,-60.0,40.0,2.5,7.0
118,-100,-60.0,40.0,2.5,8.5
119,-100,-60.0,40.0,2.5,10.0
120,-100,-60.0,40.0,3.0,1.0
121,-100,-60.0,40.0,3.0,2.5
122,-100,-60.0,40.0,3.0,4.0
123,-100,-60.0,40.0,3.0,5.5
124,-100,-60.0,40.0,3.0,7.0
125,-100,-60.0,40.0,3.0,8.5
126,-100,-60.0,40.0,3.0,10.0
127,-100,-60.0,40.0,3.5,1.0
128,-100,-60.0,40.0,3.5,2.5
129,-100,-60.0,40.0,3.5,4.0
130,-100,-60.0,40.0,3.5,5.5
131,-100,-60.0,40.0,3.5,7.0
132,-100,-60.0,40.0,3.5,8.5
133,-100,-60.0,40.0,3.5,10.0
134,-100,-60.0,40.0,4.0,1.0
135,-100,-60.0,40.0,4.0,2.5
136,-100,-60.0,40.0,4.0,4.0
137,-100,-60.0,40.0,4.0,5.5
138,-100,-60.0,40.0,4.0,7.0
139,-100,-60.0,40.0,4.0,8.5
140,-100,-60.0,40.0,4.0,10.0
141,-100,-60.0,45.0,2.0,1.0
142,-100,-60.0,45.0,2.0,2.5
143,-100,-60.0,45.0,2.0,4.0
144,-100,-60.0,45.0,2.0,5.5
145,-100,-60.0,45.0,2.0,7.0
146,-100,-60.0,45.0,2.0,8.5
147,-100,-60.0,45.0,2.0,10.0
148,-100,-60.0,45.0,2.5,1.0
149,-100,-60.0,45.0,2.5,2.5
150,-100,-60.0,45.0,2.5,4.0
151,-100,-60.0,45.0,2.5,5.5
152,-100,-60.0,45.0,2.5,7.0
153,-100,-60.0,45.0,2.5,8.5
154,-100,-60.0,45.0,2.5,10.0
155,-100,-60.0,45.0,3.0,1.0
156,-100,-60.0,45.0,3.0,2.5
157,-100,-60.0,45.0,3.0,4.0
158,-100,-60.0,45.0,3.0,5.5
159,-100,-60.0,45.0,3.0,7.0
160,-100,-60.0,45.0,3.0,8.5
161,-100,-60.0,45.0,3.0,10.0
162,-100,-60.0,45.0,3.5,1.0
163,-100,-60.0,45.0,3.5,2.5
164,-100,-60.0,45.0,3.5,4.0
165,-100,-60.0,45.0,3.5,5.5
166,-100,-60.0,45.0,3.5,7.0
167,-100,-60.0,45.0,3.5,8.5
168,-100,-60.0,45.0,3.5,10.0
169,-100,-60.0,45.0,4.0,1.0
170,-100,-60.0,45.0,4.0,2.5
171,-100,-60.0,45.0,4.0,4.0
172,-100,-60.0,45.0,4.0,5.5
173,-100,-60.0,45.0,4.0,7.0
174,-100,-60.0,45.0,4.0,8.5
175,-100,-60.0,45.0,4.0,10.0
176,-100,-60.0,50.0,2.0,1.0
177,-100,-60.0,50.0,2.0,2.5
178,-100,-60.0,50.0,2.0,4.0
179,-100,-60.0,50.0,2.0,5.5
180,-100,-60.0,50.0,2.0,7.0
181,-100,-60.0,50.0,2.0,8.5
182,-100,-60.0,50.0,2.0,10.0
183,-100,-60.0,50.0,2.5,1.0
184,-100,-60.0,50.0,2.5,2.5
185,-100,-60.0,50.0,2.5,4.0
186,-100,-60.0,50.0,2.5,5.5
187,-100,-60.0,50.0,2.5,7.0
188,-100,-60.0,50.0,2.5,8.5
189,-100,-60.0,50.0,2.5,10.0
190,-100,-60.0,50.0,3.0,1.0
191,-100,-60.0,50.0,3.0,2.5
192,-100,-60.0,50.0,3.0,4.0
193,-100,-60.0,50.0,3.0,5.5
194,-100,-60.0,50.0,3.0,7.0
195,-100,-60.0,50.0,3.0,8.5
196,-100,-60.0,50.0,3.0,10.0
197,-100,-60.0,50.0,3.5,1.0
198,-100,-60.0,50.0,3.5,2.5
199,-100,-60.0,50.0,3.5,4.0
200,-100,-60.0,50.0,3.5,5.5
201,-100,-60.0,50.0,3.5,7.0
202,-100,-60.0,50.0,3.5,8.5
203,-100,-60.0,50.0,3.5,10.0
204,-100,-60.0,50.0,4.0,1.0
205,-100,-60.0,50.0,4.0,2.5
206,-100,-60.0,50.0,4.0,4.0
207,-100,-60.0,50.0,4.0,5.5
208,-100,-60.0,50.0,4.0,7.0
209,-100,-60.0,50.0,4.0,8.5
210,-100,-60.0,50.0,4.0,10.0
211,-100,-60.0,55.0,2.0,1.0
212,-100,-60.0,55.0,2.0,2.5
213,-100,-60.0,55.0,2.0,4.0
214,-100,-60.0,55.0,2.0,5.5
215,-100,-60.0,55.0,2.0,7.0
216,-100,-60.0,55.0,2.0,8.5
217,-100,-60.0,55.0,2.0,10.0
218,-100,-60.0,55.0,2.5,1.0
219,-100,-60.0,55.0,2.5,2.5
220,-100,-60.0,55.0,2.5,4.0
221,-100,-60.0,55.0,2.5,5.5
222,-100,-60.0,55.0,2.5,7.0
223,-100,-60.0,55.0,2.5,8.5
224,-100,-60.0,55.0,2.5,10.0
225,-100,-60.0,55.0,3.0,1.0
226,-100,-60.0,55.0,3.0,2.5
227,-100,-60.0,55.0,3.0,4.0
228,-100,-60.0,55.0,3.0,5.5
229,-100,-60.0,55.0,3.0,7.0
230,-100,-60.0,55.0,3.0,8.5
231,-100,-60.0,55.0,3.0,10.0
232,-100,-60.0,55.0,3.5,1.0
233,-100,-60.0,55.0,3.5,2.5
234,-100,-60.0,55.0,3.5,4.0
235,-100,-60.0,55.0,3.5,5.5
236,-100,-60.0,55.0,3.5,7.0
237,-100,-60.0,55.0,3.5,8.5
238,-100,-60.0,55.0,3.5,10.0
239,-100,-60.0,55.0,4.0,1.0
240,-100,-60.0,55.0,4.0,2.5
241,-100,-60.0,55.0,4.0,4.0
242,-100,-60.0,55.0,4.0,5.5
243,-100,-60.0,55.0,4.0,7.0
244,-100,-60.0,55.0,4.0,8.5
245,-100,-60.0,55.0,4.0,10.0
246,-100,-55.0,25.0,2.0,1.0
247,-100,-55.0,25.0,2.0,2.5
248,-100,-55.0,25.0,2.0,4.0
249,-100,-55.0,25.0,2.0,5.5
250,-100,-55.0,25.0,2.0,7.0
251,-100,-55.0,25.0,2.0,8.5
252,-100,-55.0,25.0,2.0,10.0
253,-100,-55.0,25.0,2.5,1.0
254,-100,-55.0,25.0,2.5,2.5
255,-100,-55.0,25.0,2.5,4.0
256,-100,-55.0,25.0,2.5,5.5
257,-100,-55.0,25.0,2.5,7.0
258,-100,-55.0,25.0,2.5,8.5
259,-100,-55.0,25.0,2.5,10.0
260,-100,-55.0,25.0,3.0,1.0
261,-100,-55.0,25.0,3.0,2.5
262,-100,-55.0,25.0,3.0,4.0
263,-100,-55.0,25.0,3.0,5.5
264,-100,-55.0,25.0,3.0,7.0
265,-100,-55.0,25.0,3.0,8.5
266,-100,-55.0,25.0,3.0,10.0
267,-100,-55.0,25.0,3.5,1.0
268,-100,-55.0,25.0,3.5,2.5
269,-100,-55.0,25.0,3.5,4.0
270,-100,-55.0,25.0,3.5,5.5
271,-100,-55.0,25.0,3.5,7.0
272,-100,-55.0,25.0,3.5,8.5
273,-100,-55.0,25.0,3.5,10.0
274,-100,-55.0,25.0,4.0,1.0
275,-100,-55.0,25.0,4.0,2.5
276,-100,-55.0,25.0,4.0,4.0
277,-100,-55.0,25.0,4.0,5.5
278,-100,-55.0,25.0,4.0,7.0
279,-100,-55.0,25.0,4.0,8.5
280,-100,-55.0,25.0,4.0,10.0
281,-100,-55.0,30.0,2.0,1.0
282,-100,-55.0,30.0,2.0,2.5
283,-100,-55.0,30.0,2.0,4.0
284,-100,-55.0,30.0,2.0,5.5
285,-100,-55.0,30.0,2.0,7.0
286,-100,-55.0,30.0,2.0,8.5
287,-100,-55.0,30.0,2.0,10.0
288,-100,-55.0,30.0,2.5,1.0
289,-100,-55.0,30.0,2.5,2.5
290,-100,-55.0,30.0,2.5,4.0
291,-100,-55.0,30.0,2.5,5.5
292,-100,-55.0,30.0,2.5,7.0
293,-100,-55.0,30.0,2.5,8.5
294,-100,-55.0,30.0,2.5,10.0
295,-100,-55.0,30.0,3.0,1.0
296,-100,-55.0,30.0,3.0,2.5
297,-100,-55.0,30.0,3.0,4.0
298,-100,-55.0,30.0,3.0,5.5
299,-100,-55.0,30.0,3.0,7.0
300,-100,-55.0,30.0,3.0,8.5
301,-100,-55.0,30.0,3.0,10.0
302,-100,-55.0,30.0,3.5,1.0
303,-100,-55.0,30.0,3.5,2.5
304,-100,-55.0,30.0,3.5,4.0
305,-100,-55.0,30.0,3.5,5.5
306,-100,-55.0,30.0,3.5,7.0
307,-100,-55.0,30.0,3.5,8.5
308,-100,-55.0,30.0,3.5,10.0
309,-100,-55.0,30.0,4.0,1.0
310,-100,-55.0,30.0,4.0,2.5
311,-100,-55.0,30.0,4.0,4.0
312,-100,-55.0,30.0,4.0,5.5
313,-100,-55.0,30.0,4.0,7.0
314,-100,-55.0,30.0,4.0,8.5
315,-100,-55.0,30.0,4.0,10.0
316,-100,-55.0,35.0,2.0,1.0
317,-100,-55.0,35.0,2.0,2.5
318,-100,-55.0,35.0,2.0,4.0
319,-100,-55.0,35.0,2.0,5.5
320,-100,-55.0,35.0,2.0,7.0
321,-100,-55.0,35.0,2.0,8.5
322,-100,-55.0,35.0,2.0,10.0
323,-100,-55.0,35.0,2.5,1.0
324,-100,-55.0,35.0,2.5,2.5
325,-100,-55.0,35.0,2.5,4.0
326,-100,-55.0,35.0,2.5,5.5
327,-100,-55.0,35.0,2.5,7.0
328,-100,-55.0,35.0,2.5,8.5
329,-100,-55.0,35.0,2.5,10.0
330,-100,-55.0,35.0,3.0,1.0
331,-100,-55.0,35.0,3.0,2.5
332,-100,-55.0,35.0,3.0,4.0
333,-100,-55.0,35.0,3.0,5.5
334,-100,-55.0,35.0,3.0,7.0
335,-100,-55.0,35.0,3.0,8.5
336,-100,-55.0,35.0,3.0,10.0
337,-100,-55.0,35.0,3.5,1.0
338,-100,-55.0,35.0,3.5,2.5
339,-100,-55.0,35.0,3.5,4.0
340,-100,-55.0,35.0,3.5,5.5
341,-100,-55.0,35.0,3.5,7.0
342,-100,-55.0,35.0,3.5,8.5
343,-100,-55.0,35.0,3.5,10.0
344,-100,-55.0,35.0,4.0,1.0
345,-100,-55.0,35.0,4.0,2.5
346,-100,-55.0,35.0,4.0,4.0
347,-100,-55.0,35.0,4.0,5.5
348,-100,-55.0,35.0,4.0,7.0
349,-100,-55.0,35.0,4.0,8.5
350,-100,-55.0,35.0,4.0,10.0
351,-100,-55.0,40.0,2.0,1.0
352,-100,-55.0,40.0,2.0,2.5
353,-100,-55.0,40.0,2.0,4.0
354,-100,-55.0,40.0,2.0,5.5
355,-100,-55.0,40.0,2.0,7.0
356,-100,-55.0,40.0,2.0,8.5
357,-100,-55.0,40.0,2.0,10.0
358,-100,-55.0,40.0,2.5,1.0
359,-100,-55.0,40.0,2.5,2.5
360,-100,-55.0,40.0,2.5,4.0
361,-100,-55.0,40.0,2.5,5.5
362,-100,-55.0,40.0,2.5,7.0
363,-100,-55.0,40.0,2.5,8.5
364,-100,-55.0,40.0,2.5,10.0
365,-100,-55.0,40.0,3.0,1.0
366,-100,-55.0,40.0,3.0,2.5
367,-100,-55.0,40.0,3.0,4.0
368,-100,-55.0,40.0,3.0,5.5
369,-100,-55.0,40.0,3.0,7.0
370,-100,-55.0,40.0,3.0,8.5
371,-100,-55.0,40.0,3.0,10.0
372,-100,-55.0,40.0,3.5,1.0
373,-100,-55.0,40.0,3.5,2.5
374,-100,-55.0,40.0,3.5,4.0
375,-100,-55.0,40.0,3.5,5.5
376,-100,-55.0,40.0,3.5,7.0
377,-100,-55.0,40.0,3.5,8.5
378,-100,-55.0,40.0,3.5,10.0
379,-100,-55.0,40.0,4.0,1.0
380,-100,-55.0,40.0,4.0,2.5
381,-100,-55.0,40.0,4.0,4.0
382,-100,-55.0,40.0,4.0,5.5
383,-100,-55.0,40.0,4.0,7.0
384,-100,-55.0,40.0,4.0,8.5
385,-100,-55.0,40.0,4.0,10.0
386,-100,-55.0,45.0,2.0,1.0
387,-100,-55.0,45.0,2.0,2.5
388,-100,-55.0,45.0,2.0,4.0
389,-100,-55.0,45.0,2.0,5.5
390,-100,-55.0,45.0,2.0,7.0
391,-100,-55.0,45.0,2.0,8.5
392,-100,-55.0,45.0,2.0,10.0
393,-100,-55.0,45.0,2.5,1.0
394,-100,-55.0,45.0,2.5,2.5
395,-100,-55.0,45.0,2.5,4.0
396,-100,-55.0,45.0,2.5,5.5
397,-100,-55.0,45.0,2.5,7.0
398,-100,-55.0,45.0,2.5,8.5
399,-100,-55.0,45.0,2.5,10.0
400,-100,-55.0,45.0,3.0,1.0
401,-100,-55.0,45.0,3.0,2.5
402,-100,-55.0,45.0,3.0,4.0
403,-100,-55.0,45.0,3.0,5.5
404,-100,-55.0,45.0,3.0,7.0
405,-100,-55.0,45.0,3.0,8.5
406,-100,-55.0,45.0,3.0,10.0
407,-100,-55.0,45.0,3.5,1.0
408,-100,-55.0,45.0,3.5,2.5
409,-100,-55.0,45.0,3.5,4.0
410,-100,-55.0,45.0,3.5,5.5
411,-100,-55.0,45.0,3.5,7.0
412,-100,-55.0,45.0,3.5,8.5
413,-100,-55.0,45.0,3.5,10.0
414,-100,-55.0,45.0,4.0,1.0
415,-100,-55.0,45.0,4.0,2.5
416,-100,-55.0,45.0,4.0,4.0
417,-100,-55.0,45.0,4.0,5.5
418,-100,-55.0,45.0,4.0,7.0
419,-100,-55.0,45.0,4.0,8.5
420,-100,-55.0,45.0,4.0,10.0
421,-100,-55.0,50.0,2.0,1.0
422,-100,-55.0,50.0,2.0,2.5
423,-100,-55.0,50.0,2.0,4.0
424,-100,-55.0,50.0,2.0,5.5
425,-100,-55.0,50.0,2.0,7.0
426,-100,-55.0,50.0,2.0,8.5
427,-100,-55.0,50.0,2.0,10.0
428,-100,-55.0,50.0,2.5,1.0
429,-100,-55.0,50.0,2.5,2.5
430,-100,-55.0,50.0,2.5,4.0
431,-100,-55.0,50.0,2.5,5.5
432,-100,-55.0,50.0,2.5,7.0
433,-100,-55.0,50.0,2.5,8.5
434,-100,-55.0,50.0,2.5,10.0
435,-100,-55.0,50.0,3.0,1.0
436,-100,-55.0,50.0,3.0,2.5
437,-100,-55.0,50.0,3.0,4.0
438,-100,-55.0,50.0,3.0,5.5
439,-100,-55.0,50.0,3.0,7.0
440,-100,-55.0,50.0,3.0,8.5
441,-100,-55.0,50.0,3.0,10.0
442,-100,-55.0,50.0,3.5,1.0
443,-100,-55.0,50.0,3.5,2.5
444,-100,-55.0,50.0,3.5,4.0
445,-100,-55.0,50.0,3.5,5.5
446,-100,-55.0,50.0,3.5,7.0
447,-100,-55.0,50.0,3.5,8.5
448,-100,-55.0,50.0,3.5,10.0
449,-100,-55.0,50.0,4.0,1.0
450,-100,-55.0,50.0,4.0,2.5
451,-100,-55.0,50.0,4.0,4.0
452,-100,-55.0,50.0,4.0,5.5
453,-100,-55.0,50.0,4.0,7.0
454,-100,-55.0,50.0,4.0,8.5
455,-100,-55.0,50.0,4.0,10.0
456,-100,-55.0,55.0,2.0,1.0
457,-100,-55.0,55.0,2.0,2.5
458,-100,-55.0,55.0,2.0,4.0
459,-100,-55.0,55.0,2.0,5.5
460,-100,-55.0,55.0,2.0,7.0
461,-100,-55.0,55.0,2.0,8.5
462,-100,-55.0,55.0,2.0,10.0
463,-100,-55.0,55.0,2.5,1.0
464,-100,-55.0,55.0,2.5,2.5
465,-100,-55.0,55.0,2.5,4.0
466,-100,-55.0,55.0,2.5,5.5
467,-100,-55.0,55.0,2.5,7.0
468,-100,-55.0,55.0,2.5,8.5
469,-100,-55.0,55.0,2.5,10.0
470,-100,-55.0,55.0,3.0,1.0
471,-100,-55.0,55.0,3.0,2.5
472,-100,-55.0,55.0,3.0,4.0
473,-100,-55.0,55.0,3.0,5.5
474,-100,-55.0,55.0,3.0,7.0
475,-100,-55.0,55.0,3.0,8.5
476,-100,-55.0,55.0,3.0,10.0
477,-100,-55.0,55.0,3.5,1.0
478,-100,-55.0,55.0,3.5,2.5
479,-100,-55.0,55.0,3.5,4.0
480,-100,-55.0,55.0,3.5,5.5
481,-100,-55.0,55.0,3.5,7.0
482,-100,-55.0,55.0,3.5,8.5
483,-100,-55.0,55.0,3.5,10.0
484,-100,-55.0,55.0,4.0,1.0
485,-100,-55.0,55.0,4.0,2.5
486,-100,-55.0,55.0,4.0,4.0
487,-100,-55.0,55.0,4.0,5.5
488,-100,-55.0,55.0,4.0,7.0
489,-100,-55.0,55.0,4.0,8.5
490,-100,-55.0,55.0,4.0,10.0
491,-100,-50.0,25.0,2.0,1.0
492,-100,-50.0,25.0,2.0,2.5
493,-100,-50.0,25.0,2.0,4.0
494,-100,-50.0,25.0,2.0,5.5
495,-100,-50.0,25.0,2.0,7.0
496,-100,-50.0,25.0,2.0,8.5
497,-100,-50.0,25.0,2.0,10.0
498,-100,-50.0,25.0,2.5,1.0
499,-100,-50.0,25.0,2.5,2.5
500,-100,-50.0,25.0,2.5,4.0
501,-100,-50.0,25.0,2.5,5.5
502,-100,-50.0,25.0,2.5,7.0
503,-100,-50.0,25.0,2.5,8.5
504,-100,-50.0,25.0,2.5,10.0
505,-100,-50.0,25.0,3.0,1.0
506,-100,-50.0,25.0,3.0,2.5
507,-100,-50.0,25.0,3.0,4.0
508,-100,-50.0,25.0,3.0,5.5
509,-100,-50.0,25.0,3.0,7.0
510,-100,-50.0,25.0,3.0,8.5
511,-100,-50.0,25.0,3.0,10.0
512,-100,-50.0,25.0,3.5,1.0
513,-100,-50.0,25.0,3.5,2.5
514,-100,-50.0,25.0,3.5,4.0
515,-100,-50.0,25.0,3.5,5.5
516,-100,-50.0,25.0,3.5,7.0
517,-100,-50.0,25.0,3.5,8.5
518,-100,-50.0,25.0,3.5,10.0
519,-100,-50.0,25.0,4.0,1.0
520,-100,-50.0,25.0,4.0,2.5
521,-100,-50.0,25.0,4.0,4.0
522,-100,-50.0,25.0,4.0,5.5
523,-100,-50.0,25.0,4.0,7.0
524,-100,-50.0,25.0,4.0,8.5
525,-100,-50.0,25.0,4.0,10.0
526,-100,-50.0,30.0,2.0,1.0
527,-100,-50.0,30.0,2.0,2.5
528,-100,-50.0,30.0,2.0,4.0
529,-100,-50.0,30.0,2.0,5.5
530,-100,-50.0,30.0,2.0,7.0
531,-100,-50.0,30.0,2.0,8.5
532,-100,-50.0,30.0,2.0,10.0
533,-100,-50.0,30.0,2.5,1.0
534,-100,-50.0,30.0,2.5,2.5
535,-100,-50.0,30.0,2.5,4.0
536,-100,-50.0,30.0,2.5,5.5
537,-100,-50.0,30.0,2.5,7.0
538,-100,-50.0,30.0,2.5,8.5
539,-100,-50.0,30.0,2.5,10.0
540,-100,-50.0,30.0,3.0,1.0
541,-100,-50.0,30.0,3.0,2.5
542,-100,-50.0,30.0,3.0,4.0
543,-100,-50.0,30.0,3.0,5.5
544,-100,-50.0,30.0,3.0,7.0
545,-100,-50.0,30.0,3.0,8.5
546,-100,-50.0,30.0,3.0,10.0
547,-100,-50.0,30.0,3.5,1.0
548,-100,-50.0,30.0,3.5,2.5
549,-100,-50.0,30.0,3.5,4.0
550,-100,-50.0,30.0,3.5,5.5
551,-100,-50.0,30.0,3.5,7.0
552,-100,-50.0,30.0,3.5,8.5
553,-100,-50.0,30.0,3.5,10.0
554,-100,-50.0,30.0,4.0,1.0
555,-100,-50.0,30.0,4.0,2.5
556,-100,-50.0,30.0,4.0,4.0
557,-100,-50.0,30.0,4.0,5.5
558,-100,-50.0,30.0,4.0,7.0
559,-100,-50.0,30.0,4.0,8.5
560,-100,-50.0,30.0,4.0,10.0
561,-100,-50.0,35.0,2.0,1.0
562,-100,-50.0,35.0,2.0,2.5
563,-100,-50.0,35.0,2.0,4.0
564,-100,-50.0,35.0,2.0,5.5
565,-100,-50.0,35.0,2.0,7.0
566,-100,-50.0,35.0,2.0,8.5
567,-100,-50.0,35.0,2.0,10.0
568,-100,-50.0,35.0,2.5,1.0
569,-100,-50.0,35.0,2.5,2.5
570,-100,-50.0,35.0,2.5,4.0
571,-100,-50.0,35.0,2.5,5.5
572,-100,-50.0,35.0,2.5,7.0
573,-100,-50.0,35.0,2.5,8.5
574,-100,-50.0,35.0,2.5,10.0
575,-100,-50.0,35.0,3.0,1.0
576,-100,-50.0,35.0,3.0,2.5
577,-100,-50.0,35.0,3.0,4.0
578,-100,-50.0,35.0,3.0,5.5
579,-100,-50.0,35.0,3.0,7.0
580,-100,-50.0,35.0,3.0,8.5
581,-100,-50.0,35.0,3.0,10.0
582,-100,-50.0,35.0,3.5,1.0
583,-100,-50.0,35.0,3.5,2.5
584,-100,-50.0,35.0,3.5,4.0
585,-100,-50.0,35.0,3.5,5.5
586,-100,-50.0,35.0,3.5,7.0
587,-100,-50.0,35.0,3.5,8.5
588,-100,-50.0,35.0,3.5,10.0
589,-100,-50.0,35.0,4.0,1.0
590,-100,-50.0,35.0,4.0,2.5
591,-100,-50.0,35.0,4.0,4.0
592,-100,-50.0,35.0,4.0,5.5
593,-100,-50.0,35.0,4.0,7.0
594,-100,-50.0,35.0,4.0,8.5
595,-100,-50.0,35.0,4.0,10.0
596,-100,-50.0,40.0,2.0,1.0
597,-100,-50.0,40.0,2.0,2.5
598,-100,-50.0,40.0,2.0,4.0
599,-100,-50.0,40.0,2.0,5.5
600,-100,-50.0,40.0,2.0,7.0
601,-100,-50.0,40.0,2.0,8.5
602,-100,-50.0,40.0,2.0,10.0
603,-100,-50.0,40.0,2.5,1.0
604,-100,-50.0,40.0,2.5,2.5
605,-100,-50.0,40.0,2.5,4.0
606,-100,-50.0,40.0,2.5,5.5
607,-100,-50.0,40.0,2.5,7.0
608,-100,-50.0,40.0,2.5,8.5
609,-100,-50.0,40.0,2.5,10.0
610,-100,-50.0,40.0,3.0,1.0
611,-100,-50.0,40.0,3.0,2.5
612,-100,-50.0,40.0,3.0,4.0
613,-100,-50.0,40.0,3.0,5.5
614,-100,-50.0,40.0,3.0,7.0
615,-100,-50.0,40.0,3.0,8.5
616,-100,-50.0,40.0,3.0,10.0
617,-100,-50.0,40.0,3.5,1.0
618,-100,-50.0,40.0,3.5,2.5
619,-100,-50.0,40.0,3.5,4.0
620,-100,-50.0,40.0,3.5,5.5
621,-100,-50.0,40.0,3.5,7.0
622,-100,-50.0,40.0,3.5,8.5
623,-100,-50.0,40.0,3.5,10.0
624,-100,-50.0,40.0,4.0,1.0
625,-100,-50.0,40.0,4.0,2.5
626,-100,-50.0,40.0,4.0,4.0
627,-100,-50.0,40.0,4.0,5.5
628,-100,-50.0,40.0,4.0,7.0
629,-100,-50.0,40.0,4.0,8.5
630,-100,-50.0,40.0,4.0,10.0
631,-100,-50.0,45.0,2.0,1.0
632,-100,-50.0,45.0,2.0,2.5
633,-100,-50.0,45.0,2.0,4.0
634,-100,-50.0,45.0,2.0,5.5
635,-100,-50.0,45.0,2.0,7.0
636,-100,-50.0,45.0,2.0,8.5
637,-100,-50.0,45.0,2.0,10.0
638,-100,-50.0,45.0,2.5,1.0
639,-100,-50.0,45.0,2.5,2.5
640,-100,-50.0,45.0,2.5,4.0
641,-100,-50.0,45.0,2.5,5.5
642,-100,-50.0,45.0,2.5,7.0
643,-100,-50.0,45.0,2.5,8.5
644,-100,-50.0,45.0,2.5,10.0
645,-100,-50.0,45.0,3.0,1.0
646,-100,-50.0,45.0,3.0,2.5
647,-100,-50.0,45.0,3.0,4.0
648,-100,-50.0,45.0,3.0,5.5
649,-100,-50.0,45.0,3.0,7.0
650,-100,-50.0,45.0,3.0,8.5
651,-100,-50.0,45.0,3.0,10.0
652,-100,-50.0,45.0,3.5,1.0
653,-100,-50.0,45.0,3.5,2.5
654,-100,-50.0,45.0,3.5,4.0
655,-100,-50.0,45.0,3.5,5.5
656,-100,-50.0,45.0,3.5,7.0
657,-100,-50.0,45.0,3.5,8.5
658,-100,-50.0,45.0,3.5,10.0
659,-100,-50.0,45.0,4.0,1.0
660,-100,-50.0,45.0,4.0,2.5
661,-100,-50.0,45.0,4.0,4.0
662,-100,-50.0,45.0,4.0,5.5
663,-100,-50.0,45.0,4.0,7.0
664,-100,-50.0,45.0,4.0,8.5
665,-100,-50.0,45.0,4.0,10.0
666,-100,-50.0,50.0,2.0,1.0
667,-100,-50.0,50.0,2.0,2.5
668,-100,-50.0,50.0,2.0,4.0
669,-100,-50.0,50.0,2.0,5.5
670,-100,-50.0,50.0,2.0,7.0
671,-100,-50.0,50.0,2.0,8.5
672,-100,-50.0,50.0,2.0,10.0
673,-100,-50.0,50.0,2.5,1.0
674,-100,-50.0,50.0,2.5,2.5
675,-100,-50.0,50.0,2.5,4.0
676,-100,-50.0,50.0,2.5,5.5
677,-100,-50.0,50.0,2.5,7.0
678,-100,-50.0,50.0,2.5,8.5
679,-100,-50.0,50.0,2.5,10.0
680,-100,-50.0,50.0,3.0,1.0
681,-100,-50.0,50.0,3.0,2.5
682,-100,-50.0,50.0,3.0,4.0
683,-100,-50.0,50.0,3.0,5.5
684,-100,-50.0,50.0,3.0,7.0
685,-100,-50.0,50.0,3.0,8.5
686,-100,-50.0,50.0,3.0,10.0
687,-100,-50.0,50.0,3.5,1.0
688,-100,-50.0,50.0,3.5,2.5
689,-100,-50.0,50.0,3.5,4.0
690,-100,-50.0,50.0,3.5,5.5
691,-100,-50.0,50.0,3.5,7.0
692,-100,-50.0,50.0,3.5,8.5
693,-100,-50.0,50.0,3.5,10.0
694,-100,-50.0,50.0,4.0,1.0
695,-100,-50.0,50.0,4.0,2.5
696,-100,-50.0,50.0,4.0,4.0
697,-100,-50.0,50.0,4.0,5.5
698,-100,-50.0,50.0,4.0,7.0
699,-100,-50.0,50.0,4.0,8.5
700,-100,-50.0,50.0,4.0,10.0
701,-100,-50.0,55.0,2.0,1.0
702,-100,-50.0,55.0,2.0,2.5
703,-100,-50.0,55.0,2.0,4.0
704,-100,-50.0,55.0,2.0,5.5
705,-100,-50.0,55.0,2.0,7.0
706,-100,-50.0,55.0,2.0,8.5
707,-100,-50.0,55.0,2.0,10.0
708,-100,-50.0,55.0,2.5,1.0
709,-100,-50.0,55.0,2.5,2.5
710,-100,-50.0,55.0,2.5,4.0
711,-100,-50.0,55.0,2.5,5.5
712,-100,-50.0,55.0,2.5,7.0
713,-100,-50.0,55.0,2.5,8.5
714,-100,-50.0,55.0,2.5,10.0
715,-100,-50.0,55.0,3.0,1.0
716,-100,-50.0,55.0,3.0,2.5
717,-100,-50.0,55.0,3.0,4.0
718,-100,-50.0,55.0,3.0,5.5
719,-100,-50.0,55.0,3.0,7.0
720,-100,-50.0,55.0,3.0,8.5
721,-100,-50.0,55.0,3.0,10.0
722,-100,-50.0,55.0,3.5,1.0
723,-100,-50.0,55.0,3.5,2.5
724,-100,-50.0,55.0,3.5,4.0
725,-100,-50.0,55.0,3.5,5.5
726,-100,-50.0,55.0,3.5,7.0
727,-100,-50.0,55.0,3.5,8.5
728,-100,-50.0,55.0,3.5,10.0
729,-100,-50.0,55.0,4.0,1.0
730,-100,-50.0,55.0,4.0,2.5
731,-100,-50.0,55.0,4.0,4.0
732,-100,-50.0,55.0,4.0,5.5
733,-100,-50.0,55.0,4.0,7.0
734,-100,-50.0,55.0,4.0,8.5
735,-100,-50.0,55.0,4.0,10.0
736,-100,-45.0,25.0,2.0,1.0
737,-100,-45.0,25.0,2.0,2.5
738,-100,-45.0,25.0,2.0,4.0
739,-100,-45.0,25.0,2.0,5.5
740,-100,-45.0,25.0,2.0,7.0
741,-100,-45.0,25.0,2.0,8.5
742,-100,-45.0,25.0,2.0,10.0
743,-100,-45.0,25.0,2.5,1.0
744,-100,-45.0,25.0,2.5,2.5
745,-100,-45.0,25.0,2.5,4.0
746,-100,-45.0,25.0,2.5,5.5
747,-100,-45.0,25.0,2.5,7.0
748,-100,-45.0,25.0,2.5,8.5
749,-100,-45.0,25.0,2.5,10.0
750,-100,-45.0,25.0,3.0,1.0
751,-100,-45.0,25.0,3.0,2.5
752,-100,-45.0,25.0,3.0,4.0
753,-100,-45.0,25.0,3.0,5.5
754,-100,-45.0,25.0,3.0,7.0
755,-100,-45.0,25.0,3.0,8.5
756,-100,-45.0,25.0,3.0,10.0
757,-100,-45.0,25.0,3.5,1.0
758,-100,-45.0,25.0,3.5,2.5
759,-100,-45.0,25.0,3.5,4.0
760,-100,-45.0,25.0,3.5,5.5
761,-100,-45.0,25.0,3.5,7.0
762,-100,-45.0,25.0,3.5,8.5
763,-100,-45.0,25.0,3.5,10.0
764,-100,-45.0,25.0,4.0,1.0
765,-100,-45.0,25.0,4.0,2.5
766,-100,-45.0,25.0,4.0,4.0
767,-100,-45.0,25.0,4.0,5.5
768,-100,-45.0,25.0,4.0,7.0
769,-100,-45.0,25.0,4.0,8.5
770,-100,-45.0,25.0,4.0,10.0
771,-100,-45.0,30.0,2.0,1.0
772,-100,-45.0,30.0,2.0,2.5
773,-100,-45.0,30.0,2.0,4.0
774,-100,-45.0,30.0,2.0,5.5
775,-100,-45.0,30.0,2.0,7.0
776,-100,-45.0,30.0,2.0,8.5
777,-100,-45.0,30.0,2.0,10.0
778,-100,-45.0,30.0,2.5,1.0
779,-100,-45.0,30.0,2.5,2.5
780,-100,-45.0,30.0,2.5,4.0
781,-100,-45.0,30.0,2.5,5.5
782,-100,-45.0,30.0,2.5,7.0
783,-100,-45.0,30.0,2.5,8.5
784,-100,-45.0,30.0,2.5,10.0
785,-100,-45.0,30.0,3.0,1.0
786,-100,-45.0,30.0,3.0,2.5
787,-100,-45.0,30.0,3.0,4.0
788,-100,-45.0,30.0,3.0,5.5
789,-100,-45.0,30.0,3.0,7.0
790,-100,-45.0,30.0,3.0,8.5
791,-100,-45.0,30.0,3.0,10.0
792,-100,-45.0,30.0,3.5,1.0
793,-100,-45.0,30.0,3.5,2.5
794,-100,-45.0,30.0,3.5,4.0
795,-100,-45.0,30.0,3.5,5.5
796,-100,-45.0,30.0,3.5,7.0
797,-100,-45.0,30.0,3.5,8.5
798,-100,-45.0,30.0,3.5,10.0
799,-100,-45.0,30.0,4.0,1.0
800,-100,-45.0,30.0,4.0,2.5
801,-100,-45.0,30.0,4.0,4.0
802,-100,-45.0,30.0,4.0,5.5
803,-100,-45.0,30.0,4.0,7.0
804,-100,-45.0,30.0,4.0,8.5
805,-100,-45.0,30.0,4.0,10.0
806,-100,-45.0,35.0,2.0,1.0
807,-100,-45.0,35.0,2.0,2.5
808,-100,-45.0,35.0,2.0,4.0
809,-100,-45.0,35.0,2.0,5.5
810,-100,-45.0,35.0,2.0,7.0
811,-100,-45.0,35.0,2.0,8.5
812,-100,-45.0,35.0,2.0,10.0
813,-100,-45.0,35.0,2.5,1.0
814,-100,-45.0,35.0,2.5,2.5
815,-100,-45.0,35.0,2.5,4.0
816,-100,-45.0,35.0,2.5,5.5
817,-100,-45.0,35.0,2.5,7.0
818,-100,-45.0,35.0,2.5,8.5
819,-100,-45.0,35.0,2.5,10.0
820,-100,-45.0,35.0,3.0,1.0
821,-100,-45.0,35.0,3.0,2.5
822,-100,-45.0,35.0,3.0,4.0
823,-100,-45.0,35.0,3.0,5.5
824,-100,-45.0,35.0,3.0,7.0
825,-100,-45.0,35.0,3.0,8.5
826,-100,-45.0,35.0,3.0,10.0
827,-100,-45.0,35.0,3.5,1.0
828,-100,-45.0,35.0,3.5,2.5
829,-100,-45.0,35.0,3.5,4.0
830,-100,-45.0,35.0,3.5,5.5
831,-100,-45.0,35.0,3.5,7.0
832,-100,-45.0,35.0,3.5,8.5
833,-100,-45.0,35.0,3.5,10.0
834,-100,-45.0,35.0,4.0,1.0
835,-100,-45.0,35.0,4.0,2.5
836,-100,-45.0,35.0,4.0,4.0
837,-100,-45.0,35.0,4.0,5.5
838,-100,-45.0,35.0,4.0,7.0
839,-100,-45.0,35.0,4.0,8.5
840,-100,-45.0,35.0,4.0,10.0
841,-100,-45.0,40.0,2.0,1.0
842,-100,-45.0,40.0,2.0,2.5
843,-100,-45.0,40.0,2.0,4.0
844,-100,-45.0,40.0,2.0,5.5
845,-100,-45.0,40.0,2.0,7.0
846,-100,-45.0,40.0,2.0,8.5
847,-100,-45.0,40.0,2.0,10.0
848,-100,-45.0,40.0,2.5,1.0
849,-100,-45.0,40.0,2.5,2.5
850,-100,-45.0,40.0,2.5,4.0
851,-100,-45.0,40.0,2.5,5.5
852,-100,-45.0,40.0,2.5,7.0
853,-100,-45.0,40.0,2.5,8.5
854,-100,-45.0,40.0,2.5,10.0
855,-100,-45.0,40.0,3.0,1.0
856,-100,-45.0,40.0,3.0,2.5
857,-100,-45.0,40.0,3.0,4.0
858,-100,-45.0,40.0,3.0,5.5
859,-100,-45.0,40.0,3.0,7.0
860,-100,-45.0,40.0,3.0,8.5
861,-100,-45.0,40.0,3.0,10.0
862,-100,-45.0,40.0,3.5,1.0
863,-100,-45.0,40.0,3.5,2.5
864,-100,-45.0,40.0,3.5,4.0
865,-100,-45.0,40.0,3.5,5.5
866,-100,-45.0,40.0,3.5,7.0
867,-100,-45.0,40.0,3.5,8.5
868,-100,-45.0,40.0,3.5,10.0
869,-100,-45.0,40.0,4.0,1.0
870,-100,-45.0,40.0,4.0,2.5
871,-100,-45.0,40.0,4.0,4.0
872,-100,-45.0,40.0,4.0,5.5
873,-100,-45.0,40.0,4.0,7.0
874,-100,-45.0,40.0,4.0,8.5
875,-100,-45.0,40.0,4.0,10.0
876,-100,-45.0,45.0,2.0,1.0
877,-100,-45.0,45.0,2.0,2.5
878,-100,-45.0,45.0,2.0,4.0
879,-100,-45.0,45.0,2.0,5.5
880,-100,-45.0,45.0,2.0,7.0
881,-100,-45.0,45.0,2.0,8.5
882,-100,-45.0,45.0,2.0,10.0
883,-100,-45.0,45.0,2.5,1.0
884,-100,-45.0,45.0,2.5,2.5
885,-100,-45.0,45.0,2.5,4.0
886,-100,-45.0,45.0,2.5,5.5
887,-100,-45.0,45.0,2.5,7.0
888,-100,-45.0,45.0,2.5,8.5
889,-100,-45.0,45.0,2.5,10.0
890,-100,-45.0,45.0,3.0,1.0
891,-100,-45.0,45.0,3.0,2.5
892,-100,-45.0,45.0,3.0,4.0
893,-100,-45.0,45.0,3.0,5.5
894,-100,-45.0,45.0,3.0,7.0
895,-100,-45.0,45.0,3.0,8.5
896,-100,-45.0,45.0,3.0,10.0
897,-100,-45.0,45.0,3.5,1.0
898,-100,-45.0,45.0,3.5,2.5
899,-100,-45.0,45.0,3.5,4.0
900,-100,-45.0,45.0,3.5,5.5
901,-100,-45.0,45.0,3.5,7.0
902,-100,-45.0,45.0,3.5,8.5
903,-100,-45.0,45.0,3.5,10.0
904,-100,-45.0,45.0,4.0,1.0
905,-100,-45.0,45.0,4.0,2.5
906,-100,-45.0,45.0,4.0,4.0
907,-100,-45.0,45.0,4.0,5.5
908,-100,-45.0,45.0,4.0,7.0
909,-100,-45.0,45.0,4.0,8.5
910,-100,-45.0,45.0,4.0,10.0
911,-100,-45.0,50.0,2.0,1.0
912,-100,-45.0,50.0,2.0,2.5
913,-100,-45.0,50.0,2.0,4.0
914,-100,-45.0,50.0,2.0,5.5
915,-100,-45.0,50.0,2.0,7.0
916,-100,-45.0,50.0,2.0,8.5
917,-100,-45.0,50.0,2.0,10.0
918,-100,-45.0,50.0,2.5,1.0
919,-100,-45.0,50.0,2.5,2.5
920,-100,-45.0,50.0,2.5,4.0
921,-100,-45.0,50.0,2.5,5.5
922,-100,-45.0,50.0,2.5,7.0
923,-100,-45.0,50.0,2.5,8.5
924,-100,-45.0,50.0,2.5,10.0
925,-100,-45.0,50.0,3.0,1.0
926,-100,-45.0,50.0,3.0,2.5
927,-100,-45.0,50.0,3.0,4.0
928,-100,-45.0,50.0,3.0,5.5
929,-100,-45.0,50.0,3.0,7.0
930,-100,-45.0,50.0,3.0,8.5
931,-100,-45.0,50.0,3.0,10.0
932,-100,-45.0,50.0,3.5,1.0
933,-100,-45.0,50.0,3.5,2.5
934,-100,-45.0,50.0,3.5,4.0
935,-100,-45.0,50.0,3.5,5.5
936,-100,-45.0,50.0,3.5,7.0
937,-100,-45.0,50.0,3.5,8.5
938,-100,-45.0,50.0,3.5,10.0
939,-100,-45.0,50.0,4.0,1.0
940,-100,-45.0,50.0,4.0,2.5
941,-100,-45.0,50.0,4.0,4.0
942,-100,-45.0,50.0,4.0,5.5
943,-100,-45.0,50.0,4.0,7.0
944,-100,-45.0,50.0,4.0,8.5
945,-100,-45.0,50.0,4.0,10.0
946,-100,-45.0,55.0,2.0,1.0
947,-100,-45.0,55.0,2.0,2.5
948,-100,-45.0,55.0,2.0,4.0
949,-100,-45.0,55.0,2.0,5.5
950,-100,-45.0,55.0,2.0,7.0
951,-100,-45.0,55.0,2.0,8.5
952,-100,-45.0,55.0,2.0,10.0
953,-100,-45.0,55.0,2.5,1.0
954,-100,-45.0,55.0,2.5,2.5
955,-100,-45.0,55.0,2.5,4.0
956,-100,-45.0,55.0,2.5,5.5
957,-100,-45.0,55.0,2.5,7.0
958,-100,-45.0,55.0,2.5,8.5
959,-100,-45.0,55.0,2.5,10.0
960,-100,-45.0,55.0,3.0,1.0
961,-100,-45.0,55.0,3.0,2.5
962,-100,-45.0,55.0,3.0,4.0
963,-100,-45.0,55.0,3.0,5.5
964,-100,-45.0,55.0,3.0,7.0
965,-100,-45.0,55.0,3.0,8.5
966,-100,-45.0,55.0,3.0,10.0
967,-100,-45.0,55.0,3.5,1.0
968,-100,-45.0,55.0,3.5,2.5
969,-100,-45.0,55.0,3.5,4.0
970,-100,-45.0,55.0,3.5,5.5
971,-100,-45.0,55.0,3.5,7.0
972,-100,-45.0,55.0,3.5,8.5
973,-100,-45.0,55.0,3.5,10.0
974,-100,-45.0,55.0,4.0,1.0
975,-100,-45.0,55.0,4.0,2.5
976,-100,-45.0,55.0,4.0,4.0
977,-100,-45.0,55.0,4.0,5.5
978,-100,-45.0,55.0,4.0,7.0
979,-100,-45.0,55.0,4.0,8.5
980,-100,-45.0,55.0,4.0,10.0
981,-100,-40.0,25.0,2.0,1.0
982,-100,-40.0,25.0,2.0,2.5
983,-100,-40.0,25.0,2.0,4.0
984,-100,-40.0,25.0,2.0,5.5
985,-100,-40.0,25.0,2.0,7.0
986,-100,-40.0,25.0,2.0,8.5
987,-100,-40.0,25.0,2.0,10.0
988,-100,-40.0,25.0,2.5,1.0
989,-100,-40.0,25.0,2.5,2.5
990,-100,-40.0,25.0,2.5,4.0
991,-100,-40.0,25.0,2.5,5.5
992,-100,-40.0,25.0,2.5,7.0
993,-100,-40.0,25.0,2.5,8.5
994,-100,-40.0,25.0,2.5,10.0
995,-100,-40.0,25.0,3.0,1.0
996,-100,-40.0,25.0,3.0,2.5
997,-100,-40.0,25.0,3.0,4.0
998,-100,-40.0,25.0,3.0,5.5
999,-100,-40.0,25.0,3.0,7.0
1000,-100,-40.0,25.0,3.0,8.5
1001,-100,-40.0,25.0,3.0,10.0
1002,-100,-40.0,25.0,3.5,1.0
1003,-100,-40.0,25.0,3.5,2.5
1004,-100,-40.0,25.0,3.5,4.0
1005,-100,-40.0,25.0,3.5,5.5
1006,-100,-40.0,25.0,3.5,7.0
1007,-100,-40.0,25.0,3.5,8.5
1008,-100,-40.0,25.0,3.5,10.0
1009,-100,-40.0,25.0,4.0,1.0
1010,-100,-40.0,25.0,4.0,2.5
1011,-100,-40.0,25.0,4.0,4.0
1012,-100,-40.0,25.0,4.0,5.5
1013,-100,-40.0,25.0,4.0,7.0
1014,-100,-40.0,25.0,4.0,8.5
1015,-100,-40.0,25.0,4.0,10.0
1016,-100,-40.0,30.0,2.0,1.0
1017,-100,-40.0,30.0,2.0,2.5
1018,-100,-40.0,30.0,2.0,4.0
1019,-100,-40.0,30.0,2.0,5.5
1020,-100,-40.0,30.0,2.0,7.0
1021,-100,-40.0,30.0,2.0,8.5
1022,-100,-40.0,30.0,2.0,10.0
1023,-100,-40.0,30.0,2.5,1.0
1024,-100,-40.0,30.0,2.5,2.5
1025,-100,-40.0,30.0,2.5,4.0
1026,-100,-40.0,30.0,2.5,5.5
1027,-100,-40.0,30.0,2.5,7.0
1028,-100,-40.0,30.0,2.5,8.5
1029,-100,-40.0,30.0,2.5,10.0
1030,-100,-40.0,30.0,3.0,1.0
1031,-100,-40.0,30.0,3.0,2.5
1032,-100,-40.0,30.0,3.0,4.0
1033,-100,-40.0,30.0,3.0,5.5
1034,-100,-40.0,30.0,3.0,7.0
1035,-100,-40.0,30.0,3.0,8.5
1036,-100,-40.0,30.0,3.0,10.0
1037,-100,-40.0,30.0,3.5,1.0
1038,-100,-40.0,30.0,3.5,2.5
1039,-100,-40.0,30.0,3.5,4.0
1040,-100,-40.0,30.0,3.5,5.5
1041,-100,-40.0,30.0,3.5,7.0
1042,-100,-40.0,30.0,3.5,8.5
1043,-100,-40.0,30.0,3.5,10.0
1044,-100,-40.0,30.0,4.0,1.0
1045,-100,-40.0,30.0,4.0,2.5
1046,-100,-40.0,30.0,4.0,4.0
1047,-100,-40.0,30.0,4.0,5.5
1048,-100,-40.0,30.0,4.0,7.0
1049,-100,-40.0,30.0,4.0,8.5
1050,-100,-40.0,30.0,4.0,10.0
1051,-100,-40.0,35.0,2.0,1.0
1052,-100,-40.0,35.0,2.0,2.5
1053,-100,-40.0,35.0,2.0,4.0
1054,-100,-40.0,35.0,2.0,5.5
1055,-100,-40.0,35.0,2.0,7.0
1056,-100,-40.0,35.0,2.0,8.5
1057,-100,-40.0,35.0,2.0,10.0
1058,-100,-40.0,35.0,2.5,1.0
1059,-100,-40.0,35.0,2.5,2.5
1060,-100,-40.0,35.0,2.5,4.0
1061,-100,-40.0,35.0,2.5,5.5
1062,-100,-40.0,35.0,2.5,7.0
1063,-100,-40.0,35.0,2.5,8.5
1064,-100,-40.0,35.0,2.5,10.0
1065,-100,-40.0,35.0,3.0,1.0
1066,-100,-40.0,35.0,3.0,2.5
1067,-100,-40.0,35.0,3.0,4.0
1068,-100,-40.0,35.0,3.0,5.5
1069,-100,-40.0,35.0,3.0,7.0
1070,-100,-40.0,35.0,3.0,8.5
1071,-100,-40.0,35.0,3.0,10.0
1072,-100,-40.0,35.0,3.5,1.0
1073,-100,-40.0,35.0,3.5,2.5
1074,-100,-40.0,35.0,3.5,4.0
1075,-100,-40.0,35.0,3.5,5.5
1076,-100,-40.0,35.0,3.5,7.0
1077,-100,-40.0,35.0,3.5,8.5
1078,-100,-40.0,35.0,3.5,10.0
1079,-100,-40.0,35.0,4.0,1.0
1080,-100,-40.0,35.0,4.0,2.5
1081,-100,-40.0,35.0,4.0,4.0
1082,-100,-40.0,35.0,4.0,5.5
1083,-100,-40.0,35.0,4.0,7.0
1084,-100,-40.0,35.0,4.0,8.5
1085,-100,-40.0,35.0,4.0,10.0
1086,-100,-40.0,40.0,2.0,1.0
1087,-100,-40.0,40.0,2.0,2.5
1088,-100,-40.0,40.0,2.0,4.0
1089,-100,-40.0,40.0,2.0,5.5
1090,-100,-40.0,40.0,2.0,7.0
1091,-100,-40.0,40.0,2.0,8.5
1092,-100,-40.0,40.0,2.0,10.0
1093,-100,-40.0,40.0,2.5,1.0
1094,-100,-40.0,40.0,2.5,2.5
1095,-100,-40.0,40.0,2.5,4.0
1096,-100,-40.0,40.0,2.5,5.5
1097,-100,-40.0,40.0,2.5,7.0
1098,-100,-40.0,40.0,2.5,8.5
1099,-100,-40.0,40.0,2.5,10.0
1100,-100,-40.0,40.0,3.0,1.0
1101,-100,-40.0,40.0,3.0,2.5
1102,-100,-40.0,40.0,3.0,4.0
1103,-100,-40.0,40.0,3.0,5.5
1104,-100,-40.0,40.0,3.0,7.0
1105,-100,-40.0,40.0,3.0,8.5
1106,-100,-40.0,40.0,3.0,10.0
1107,-100,-40.0,40.0,3.5,1.0
1108,-100,-40.0,40.0,3.5,2.5
1109,-100,-40.0,40.0,3.5,4.0
1110,-100,-40.0,40.0,3.5,5.5
1111,-100,-40.0,40.0,3.5,7.0
1112,-100,-40.0,40.0,3.5,8.5
1113,-100,-40.0,40.0,3.5,10.0
1114,-100,-40.0,40.0,4.0,1.0
1115,-100,-40.0,40.0,4.0,2.5
1116,-100,-40.0,40.0,4.0,4.0
1117,-100,-40.0,40.0,4.0,5.5
1118,-100,-40.0,40.0,4.0,7.0
1119,-100,-40.0,40.0,4.0,8.5
1120,-100,-40.0,40.0,4.0,10.0
1121,-100,-40.0,45.0,2.0,1.0
1122,-100,-40.0,45.0,2.0,2.5
1123,-100,-40.0,45.0,2.0,4.0
1124,-100,-40.0,45.0,2.0,5.5
1125,-100,-40.0,45.0,2.0,7.0
1126,-100,-40.0,45.0,2.0,8.5
1127,-100,-40.0,45.0,2.0,10.0
1128,-100,-40.0,45.0,2.5,1.0
1129,-100,-40.0,45.0,2.5,2.5
1130,-100,-40.0,45.0,2.5,4.0
1131,-100,-40.0,45.0,2.5,5.5
1132,-100,-40.0,45.0,2.5,7.0
1133,-100,-40.0,45.0,2.5,8.5
1134,-100,-40.0,45.0,2.5,10.0
1135,-100,-40.0,45.0,3.0,1.0
1136,-100,-40.0,45.0,3.0,2.5
1137,-100,-40.0,45.0,3.0,4.0
1138,-100,-40.0,45.0,3.0,5.5
1139,-100,-40.0,45.0,3.0,7.0
1140,-100,-40.0,45.0,3.0,8.5
1141,-100,-40.0,45.0,3.0,10.0
1142,-100,-40.0,45.0,3.5,1.0
1143,-100,-40.0,45.0,3.5,2.5
1144,-100,-40.0,45.0,3.5,4.0
1145,-100,-40.0,45.0,3.5,5.5
1146,-100,-40.0,45.0,3.5,7.0
1147,-100,-40.0,45.0,3.5,8.5
1148,-100,-40.0,45.0,3.5,10.0
1149,-100,-40.0,45.0,4.0,1.0
1150,-100,-40.0,45.0,4.0,2.5
1151,-100,-40.0,45.0,4.0,4.0
1152,-100,-40.0,45.0,4.0,5.5
1153,-100,-40.0,45.0,4.0,7.0
1154,-100,-40.0,45.0,4.0,8.5
1155,-100,-40.0,45.0,4.0,10.0
1156,-100,-40.0,50.0,2.0,1.0
1157,-100,-40.0,50.0,2.0,2.5
1158,-100,-40.0,50.0,2.0,4.0
1159,-100,-40.0,50.0,2.0,5.5
1160,-100,-40.0,50.0,2.0,7.0
1161,-100,-40.0,50.0,2.0,8.5
1162,-100,-40.0,50.0,2.0,10.0
1163,-100,-40.0,50.0,2.5,1.0
1164,-100,-40.0,50.0,2.5,2.5
1165,-100,-40.0,50.0,2.5,4.0
1166,-100,-40.0,50.0,2.5,5.5
1167,-100,-40.0,50.0,2.5,7.0
1168,-100,-40.0,50.0,2.5,8.5
1169,-100,-40.0,50.0,2.5,10.0
1170,-100,-40.0,50.0,3.0,1.0
1171,-100,-40.0,50.0,3.0,2.5
1172,-100,-40.0,50.0,3.0,4.0
1173,-100,-40.0,50.0,3.0,5.5
1174,-100,-40.0,50.0,3.0,7.0
1175,-100,-40.0,50.0,3.0,8.5
1176,-100,-40.0,50.0,3.0,10.0
1177,-100,-40.0,50.0,3.5,1.0
1178,-100,-40.0,50.0,3.5,2.5
1179,-100,-40.0,50.0,3.5,4.0
1180,-100,-40.0,50.0,3.5,5.5
1181,-100,-40.0,50.0,3.5,7.0
1182,-100,-40.0,50.0,3.5,8.5
1183,-100,-40.0,50.0,3.5,10.0
1184,-100,-40.0,50.0,4.0,1.0
1185,-100,-40.0,50.0,4.0,2.5
1186,-100,-40.0,50.0,4.0,4.0
1187,-100,-40.0,50.0,4.0,5.5
1188,-100,-40.0,50.0,4.0,7.0
1189,-100,-40.0,50.0,4.0,8.5
1190,-100,-40.0,50.0,4.0,10.0
1191,-100,-40.0,55.0,2.0,1.0
1192,-100,-40.0,55.0,2.0,2.5
1193,-100,-40.0,55.0,2.0,4.0
1194,-100,-40.0,55.0,2.0,5.5
1195,-100,-40.0,55.0,2.0,7.0
1196,-100,-40.0,55.0,2.0,8.5
1197,-100,-40.0,55.0,2.0,10.0
1198,-100,-40.0,55.0,2.5,1.0
1199,-100,-40.0,55.0,2.5,2.5
1200,-100,-40.0,55.0,2.5,4.0
1201,-100,-40.0,55.0,2.5,5.5
1202,-100,-40.0,55.0,2.5,7.0
1203,-100,-40.0,55.0,2.5,8.5
1204,-100,-40.0,55.0,2.5,10.0
1205,-100,-40.0,55.0,3.0,1.0
1206,-100,-40.0,55.0,3.0,2.5
1207,-100,-40.0,55.0,3.0,4.0
1208,-100,-40.0,55.0,3.0,5.5
1209,-100,-40.0,55.0,3.0,7.0
1210,-100,-40.0,55.0,3.0,8.5
1211,-100,-40.0,55.0,3.0,10.0
1212,-100,-40.0,55.0,3.5,1.0
1213,-100,-40.0,55.0,3.5,2.5
1214,-100,-40.0,55.0,3.5,4.0
1215,-100,-40.0,55.0,3.5,5.5
1216,-100,-40.0,55.0,3.5,7.0
1217,-100,-40.0,55.0,3.5,8.5
1218,-100,-40.0,55.0,3.5,10.0
1219,-100,-40.0,55.0,4.0,1.0
1220,-100,-40.0,55.0,4.0,2.5
1221,-100,-40.0,55.0,4.0,4.0
1222,-100,-40.0,55.0,4.0,5.5
1223,-100,-40.0,55.0,4.0,7.0
1224,-100,-40.0,55.0,4.0,8.5
1225,-100,-40.0,55.0,4.0,10.0
1226,-100,-35.0,25.0,2.0,1.0
1227,-100,-35.0,25.0,2.0,2.5
1228,-100,-35.0,25.0,2.0,4.0
1229,-100,-35.0,25.0,2.0,5.5
1230,-100,-35.0,25.0,2.0,7.0
1231,-100,-35.0,25.0,2.0,8.5
1232,-100,-35.0,25.0,2.0,10.0
1233,-100,-35.0,25.0,2.5,1.0
1234,-100,-35.0,25.0,2.5,2.5
1235,-100,-35.0,25.0,2.5,4.0
1236,-100,-35.0,25.0,2.5,5.5
1237,-100,-35.0,25.0,2.5,7.0
1238,-100,-35.0,25.0,2.5,8.5
1239,-100,-35.0,25.0,2.5,10.0
1240,-100,-35.0,25.0,3.0,1.0
1241,-100,-35.0,25.0,3.0,2.5
1242,-100,-35.0,25.0,3.0,4.0
1243,-100,-35.0,25.0,3.0,5.5
1244,-100,-35.0,25.0,3.0,7.0
1245,-100,-35.0,25.0,3.0,8.5
1246,-100,-35.0,25.0,3.0,10.0
1247,-100,-35.0,25.0,3.5,1.0
1248,-100,-35.0,25.0,3.5,2.5
1249,-100,-35.0,25.0,3.5,4.0
1250,-100,-35.0,25.0,3.5,5.5
1251,-100,-35.0,25.0,3.5,7.0
1252,-100,-35.0,25.0,3.5,8.5
1253,-100,-35.0,25.0,3.5,10.0
1254,-100,-35.0,25.0,4.0,1.0
1255,-100,-35.0,25.0,4.0,2.5
1256,-100,-35.0,25.0,4.0,4.0
1257,-100,-35.0,25.0,4.0,5.5
1258,-100,-35.0,25.0,4.0,7.0
1259,-100,-35.0,25.0,4.0,8.5
1260,-100,-35.0,25.0,4.0,10.0
1261,-100,-35.0,30.0,2.0,1.0
1262,-100,-35.0,30.0,2.0,2.5
1263,-100,-35.0,30.0,2.0,4.0
1264,-100,-35.0,30.0,2.0,5.5
1265,-100,-35.0,30.0,2.0,7.0
1266,-100,-35.0,30.0,2.0,8.5
1267,-100,-35.0,30.0,2.0,10.0
1268,-100,-35.0,30.0,2.5,1.0
1269,-100,-35.0,30.0,2.5,2.5
1270,-100,-35.0,30.0,2.5,4.0
1271,-100,-35.0,30.0,2.5,5.5
1272,-100,-35.0,30.0,2.5,7.0
1273,-100,-35.0,30.0,2.5,8.5
1274,-100,-35.0,30.0,2.5,10.0
1275,-100,-35.0,30.0,3.0,1.0
1276,-100,-35.0,30.0,3.0,2.5
1277,-100,-35.0,30.0,3.0,4.0
1278,-100,-35.0,30.0,3.0,5.5
1279,-100,-35.0,30.0,3.0,7.0
1280,-100,-35.0,30.0,3.0,8.5
1281,-100,-35.0,30.0,3.0,10.0
1282,-100,-35.0,30.0,3.5,1.0
1283,-100,-35.0,30.0,3.5,2.5
1284,-100,-35.0,30.0,3.5,4.0
1285,-100,-35.0,30.0,3.5,5.5
1286,-100,-35.0,30.0,3.5,7.0
1287,-100,-35.0,30.0,3.5,8.5
1288,-100,-35.0,30.0,3.5,10.0
1289,-100,-35.0,30.0,4.0,1.0
1290,-100,-35.0,30.0,4.0,2.5
1291,-100,-35.0,30.0,4.0,4.0
1292,-100,-35.0,30.0,4.0,5.5
1293,-100,-35.0,30.0,4.0,7.0
1294,-100,-35.0,30.0,4.0,8.5
1295,-100,-35.0,30.0,4.0,10.0
1296,-100,-35.0,35.0,2.0,1.0
1297,-100,-35.0,35.0,2.0,2.5
1298,-100,-35.0,35.0,2.0,4.0
1299,-100,-35.0,35.0,2.0,5.5
1300,-100,-35.0,35.0,2.0,7.0
1301,-100,-35.0,35.0,2.0,8.5
1302,-100,-35.0,35.0,2.0,10.0
1303,-100,-35.0,35.0,2.5,1.0
1304,-100,-35.0,35.0,2.5,2.5
1305,-100,-35.0,35.0,2.5,4.0
1306,-100,-35.0,35.0,2.5,5.5
1307,-100,-35.0,35.0,2.5,7.0
1308,-100,-35.0,35.0,2.5,8.5
1309,-100,-35.0,35.0,2.5,10.0
1310,-100,-35.0,35.0,3.0,1.0
1311,-100,-35.0,35.0,3.0,2.5
1312,-100,-35.0,35.0,3.0,4.0
1313,-100,-35.0,35.0,3.0,5.5
1314,-100,-35.0,35.0,3.0,7.0
1315,-100,-35.0,35.0,3.0,8.5
1316,-100,-35.0,35.0,3.0,10.0
1317,-100,-35.0,35.0,3.5,1.0
1318,-100,-35.0,35.0,3.5,2.5
1319,-100,-35.0,35.0,3.5,4.0
1320,-100,-35.0,35.0,3.5,5.5
1321,-100,-35.0,35.0,3.5,7.0
1322,-100,-35.0,35.0,3.5,8.5
1323,-100,-35.0,35.0,3.5,10.0
1324,-100,-35.0,35.0,4.0,1.0
1325,-100,-35.0,35.0,4.0,2.5
1326,-100,-35.0,35.0,4.0,4.0
1327,-100,-35.0,35.0,4.0,5.5
1328,-100,-35.0,35.0,4.0,7.0
1329,-100,-35.0,35.0,4.0,8.5
1330,-100,-35.0,35.0,4.0,10.0
1331,-100,-35.0,40.0,2.0,1.0
1332,-100,-35.0,40.0,2.0,2.5
1333,-100,-35.0,40.0,2.0,4.0
1334,-100,-35.0,40.0,2.0,5.5
1335,-100,-35.0,40.0,2.0,7.0
1336,-100,-35.0,40.0,2.0,8.5
1337,-100,-35.0,40.0,2.0,10.0
1338,-100,-35.0,40.0,2.5,1.0
1339,-100,-35.0,40.0,2.5,2.5
1340,-100,-35.0,40.0,2.5,4.0
1341,-100,-35.0,40.0,2.5,5.5
1342,-100,-35.0,40.0,2.5,7.0
1343,-100,-35.0,40.0,2.5,8.5
1344,-100,-35.0,40.0,2.5,10.0
1345,-100,-35.0,40.0,3.0,1.0
1346,-100,-35.0,40.0,3.0,2.5
1347,-100,-35.0,40.0,3.0,4.0
1348,-100,-35.0,40.0,3.0,5.5
1349,-100,-35.0,40.0,3.0,7.0
1350,-100,-35.0,40.0,3.0,8.5
1351,-100,-35.0,40.0,3.0,10.0
1352,-100,-35.0,40.0,3.5,1.0
1353,-100,-35.0,40.0,3.5,2.5
1354,-100,-35.0,40.0,3.5,4.0
1355,-100,-35.0,40.0,3.5,5.5
1356,-100,-35.0,40.0,3.5,7.0
1357,-100,-35.0,40.0,3.5,8.5
1358,-100,-35.0,40.0,3.5,10.0
1359,-100,-35.0,40.0,4.0,1.0
1360,-100,-35.0,40.0,4.0,2.5
1361,-100,-35.0,40.0,4.0,4.0
1362,-100,-35.0,40.0,4.0,5.5
1363,-100,-35.0,40.0,4.0,7.0
1364,-100,-35.0,40.0,4.0,8.5
1365,-100,-35.0,40.0,4.0,10.0
1366,-100,-35.0,45.0,2.0,1.0
1367,-100,-35.0,45.0,2.0,2.5
1368,-100,-35.0,45.0,2.0,4.0
1369,-100,-35.0,45.0,2.0,5.5
1370,-100,-35.0,45.0,2.0,7.0
1371,-100,-35.0,45.0,2.0,8.5
1372,-100,-35.0,45.0,2.0,10.0
1373,-100,-35.0,45.0,2.5,1.0
1374,-100,-35.0,45.0,2.5,2.5
1375,-100,-35.0,45.0,2.5,4.0
1376,-100,-35.0,45.0,2.5,5.5
1377,-100,-35.0,45.0,2.5,7.0
1378,-100,-35.0,45.0,2.5,8.5
1379,-100,-35.0,45.0,2.5,10.0
1380,-100,-35.0,45.0,3.0,1.0
1381,-100,-35.0,45.0,3.0,2.5
1382,-100,-35.0,45.0,3.0,4.0
1383,-100,-35.0,45.0,3.0,5.5
1384,-100,-35.0,45.0,3.0,7.0
1385,-100,-35.0,45.0,3.0,8.5
1386,-100,-35.0,45.0,3.0,10.0
1387,-100,-35.0,45.0,3.5,1.0
1388,-100,-35.0,45.0,3.5,2.5
1389,-100,-35.0,45.0,3.5,4.0
1390,-100,-35.0,45.0,3.5,5.5
1391,-100,-35.0,45.0,3.5,7.0
1392,-100,-35.0,45.0,3.5,8.5
1393,-100,-35.0,45.0,3.5,10.0
1394,-100,-35.0,45.0,4.0,1.0
1395,-100,-35.0,45.0,4.0,2.5
1396,-100,-35.0,45.0,4.0,4.0
1397,-100,-35.0,45.0,4.0,5.5
1398,-100,-35.0,45.0,4.0,7.0
1399,-100,-35.0,45.0,4.0,8.5
1400,-100,-35.0,45.0,4.0,10.0
1401,-100,-35.0,50.0,2.0,1.0
1402,-100,-35.0,50.0,2.0,2.5
1403,-100,-35.0,50.0,2.0,4.0
1404,-100,-35.0,50.0,2.0,5.5
1405,-100,-35.0,50.0,2.0,7.0
1406,-100,-35.0,50.0,2.0,8.5
1407,-100,-35.0,50.0,2.0,10.0
1408,-100,-35.0,50.0,2.5,1.0
1409,-100,-35.0,50.0,2.5,2.5
1410,-100,-35.0,50.0,2.5,4.0
1411,-100,-35.0,50.0,2.5,5.5
1412,-100,-35.0,50.0,2.5,7.0
1413,-100,-35.0,50.0,2.5,8.5
1414,-100,-35.0,50.0,2.5,10.0
1415,-100,-35.0,50.0,3.0,1.0
1416,-100,-35.0,50.0,3.0,2.5
1417,-100,-35.0,50.0,3.0,4.0
1418,-100,-35.0,50.0,3.0,5.5
1419,-100,-35.0,50.0,3.0,7.0
1420,-100,-35.0,50.0,3.0,8.5
1421,-100,-35.0,50.0,3.0,10.0
1422,-100,-35.0,50.0,3.5,1.0
1423,-100,-35.0,50.0,3.5,2.5
1424,-100,-35.0,50.0,3.5,4.0
1425,-100,-35.0,50.0,3.5,5.5
1426,-100,-35.0,50.0,3.5,7.0
1427,-100,-35.0,50.0,3.5,8.5
1428,-100,-35.0,50.0,3.5,10.0
1429,-100,-35.0,50.0,4.0,1.0
1430,-100,-35.0,50.0,4.0,2.5
1431,-100,-35.0,50.0,4.0,4.0
1432,-100,-35.0,50.0,4.0,5.5
1433,-100,-35.0,50.0,4.0,7.0
1434,-100,-35.0,50.0,4.0,8.5
1435,-100,-35.0,50.0,4.0,10.0
1436,-100,-35.0,55.0,2.0,1.0
1437,-100,-35.0,55.0,2.0,2.5
1438,-100,-35.0,55.0,2.0,4.0
1439,-100,-35.0,55.0,2.0,5.5
1440,-100,-35.0,55.0,2.0,7.0
1441,-100,-35.0,55.0,2.0,8.5
1442,-100,-35.0,55.0,2.0,10.0
1443,-100,-35.0,55.0,2.5,1.0
1444,-100,-35.0,55.0,2.5,2.5
1445,-100,-35.0,55.0,2.5,4.0
1446,-100,-35.0,55.0,2.5,5.5
1447,-100,-35.0,55.0,2.5,7.0
1448,-100,-35.0,55.0,2.5,8.5
1449,-100,-35.0,55.0,2.5,10.0
1450,-100,-35.0,55.0,3.0,1.0
1451,-100,-35.0,55.0,3.0,2.5
1452,-100,-35.0,55.0,3.0,4.0
1453,-100,-35.0,55.0,3.0,5.5
1454,-100,-35.0,55.0,3.0,7.0
1455,-100,-35.0,55.0,3.0,8.5
1456,-100,-35.0,55.0,3.0,10.0
1457,-100,-35.0,55.0,3.5,1.0
1458,-100,-35.0,55.0,3.5,2.5
1459,-100,-35.0,55.0,3.5,4.0
1460,-100,-35.0,55.0,3.5,5.5
1461,-100,-35.0,55.0,3.5,7.0
1462,-100,-35.0,55.0,3.5,8.5
1463,-100,-35.0,55.0,3.5,10.0
1464,-100,-35.0,55.0,4.0,1.0
1465,-100,-35.0,55.0,4.0,2.5
1466,-100,-35.0,55.0,4.0,4.0
1467,-100,-35.0,55.0,4.0,5.5
1468,-100,-35.0,55.0,4.0,7.0
1469,-100,-35.0,55.0,4.0,8.5
1470,-100,-35.0,55.0,4.0,10.0
1471,-100,-30.0,25.0,2.0,1.0
1472,-100,-30.0,25.0,2.0,2.5
1473,-100,-30.0,25.0,2.0,4.0
1474,-100,-30.0,25.0,2.0,5.5
1475,-100,-30.0,25.0,2.0,7.0
1476,-100,-30.0,25.0,2.0,8.5
1477,-100,-30.0,25.0,2.0,10.0
1478,-100,-30.0,25.0,2.5,1.0
1479,-100,-30.0,25.0,2.5,2.5
1480,-100,-30.0,25.0,2.5,4.0
1481,-100,-30.0,25.0,2.5,5.5
1482,-100,-30.0,25.0,2.5,7.0
1483,-100,-30.0,25.0,2.5,8.5
1484,-100,-30.0,25.0,2.5,10.0
1485,-100,-30.0,25.0,3.0,1.0
1486,-100,-30.0,25.0,3.0,2.5
1487,-100,-30.0,25.0,3.0,4.0
1488,-100,-30.0,25.0,3.0,5.5
1489,-100,-30.0,25.0,3.0,7.0
1490,-100,-30.0,25.0,3.0,8.5
1491,-100,-30.0,25.0,3.0,10.0
1492,-100,-30.0,25.0,3.5,1.0
1493,-100,-30.0,25.0,3.5,2.5
1494,-100,-30.0,25.0,3.5,4.0
1495,-100,-30.0,25.0,3.5,5.5
1496,-100,-30.0,25.0,3.5,7.0
1497,-100,-30.0,25.0,3.5,8.5
1498,-100,-30.0,25.0,3.5,10.0
1499,-100,-30.0,25.0,4.0,1.0
1500,-100,-30.0,25.0,4.0,2.5
1501,-100,-30.0,25.0,4.0,4.0
1502,-100,-30.0,25.0,4.0,5.5
1503,-100,-30.0,25.0,4.0,7.0
1504,-100,-30.0,25.0,4.0,8.5
1505,-100,-30.0,25.0,4.0,10.0
1506,-100,-30.0,30.0,2.0,1.0
1507,-100,-30.0,30.0,2.0,2.5
1508,-100,-30.0,30.0,2.0,4.0
1509,-100,-30.0,30.0,2.0,5.5
1510,-100,-30.0,30.0,2.0,7.0
1511,-100,-30.0,30.0,2.0,8.5
1512,-100,-30.0,30.0,2.0,10.0
1513,-100,-30.0,30.0,2.5,1.0
1514,-100,-30.0,30.0,2.5,2.5
1515,-100,-30.0,30.0,2.5,4.0
1516,-100,-30.0,30.0,2.5,5.5
1517,-100,-30.0,30.0,2.5,7.0
1518,-100,-30.0,30.0,2.5,8.5
1519,-100,-30.0,30.0,2.5,10.0
1520,-100,-30.0,30.0,3.0,1.0
1521,-100,-30.0,30.0,3.0,2.5
1522,-100,-30.0,30.0,3.0,4.0
1523,-100,-30.0,30.0,3.0,5.5
1524,-100,-30.0,30.0,3.0,7.0
1525,-100,-30.0,30.0,3.0,8.5
1526,-100,-30.0,30.0,3.0,10.0
1527,-100,-30.0,30.0,3.5,1.0
1528,-100,-30.0,30.0,3.5,2.5
1529,-100,-30.0,30.0,3.5,4.0
1530,-100,-30.0,30.0,3.5,5.5
1531,-100,-30.0,30.0,3.5,7.0
1532,-100,-30.0,30.0,3.5,8.5
1533,-100,-30.0,30.0,3.5,10.0
1534,-100,-30.0,30.0,4.0,1.0
1535,-100,-30.0,30.0,4.0,2.5
1536,-100,-30.0,30.0,4.0,4.0
1537,-100,-30.0,30.0,4.0,5.5
1538,-100,-30.0,30.0,4.0,7.0
1539,-100,-30.0,30.0,4.0,8.5
1540,-100,-30.0,30.0,4.0,10.0
1541,-100,-30.0,35.0,2.0,1.0
1542,-100,-30.0,35.0,2.0,2.5
1543,-100,-30.0,35.0,2.0,4.0
1544,-100,-30.0,35.0,2.0,5.5
1545,-100,-30.0,35.0,2.0,7.0
1546,-100,-30.0,35.0,2.0,8.5
1547,-100,-30.0,35.0,2.0,10.0
1548,-100,-30.0,35.0,2.5,1.0
1549,-100,-30.0,35.0,2.5,2.5
1550,-100,-30.0,35.0,2.5,4.0
1551,-100,-30.0,35.0,2.5,5.5
1552,-100,-30.0,35.0,2.5,7.0
1553,-100,-30.0,35.0,2.5,8.5
1554,-100,-30.0,35.0,2.5,10.0
1555,-100,-30.0,35.0,3.0,1.0
1556,-100,-30.0,35.0,3.0,2.5
1557,-100,-30.0,35.0,3.0,4.0
1558,-100,-30.0,35.0,3.0,5.5
1559,-100,-30.0,35.0,3.0,7.0
1560,-100,-30.0,35.0,3.0,8.5
1561,-100,-30.0,35.0,3.0,10.0
1562,-100,-30.0,35.0,3.5,1.0
1563,-100,-30.0,35.0,3.5,2.5
1564,-100,-30.0,35.0,3.5,4.0
1565,-100,-30.0,35.0,3.5,5.5
1566,-100,-30.0,35.0,3.5,7.0
1567,-100,-30.0,35.0,3.5,8.5
1568,-100,-30.0,35.0,3.5,10.0
1569,-100,-30.0,35.0,4.0,1.0
1570,-100,-30.0,35.0,4.0,2.5
1571,-100,-30.0,35.0,4.0,4.0
1572,-100,-30.0,35.0,4.0,5.5
1573,-100,-30.0,35.0,4.0,7.0
1574,-100,-30.0,35.0,4.0,8.5
1575,-100,-30.0,35.0,4.0,10.0
1576,-100,-30.0,40.0,2.0,1.0
1577,-100,-30.0,40.0,2.0,2.5
1578,-100,-30.0,40.0,2.0,4.0
1579,-100,-30.0,40.0,2.0,5.5
1580,-100,-30.0,40.0,2.0,7.0
1581,-100,-30.0,40.0,2.0,8.5
1582,-100,-30.0,40.0,2.0,10.0
1583,-100,-30.0,40.0,2.5,1.0
1584,-100,-30.0,40.0,2.5,2.5
1585,-100,-30.0,40.0,2.5,4.0
1586,-100,-30.0,40.0,2.5,5.5
1587,-100,-30.0,40.0,2.5,7.0
1588,-100,-30.0,40.0,2.5,8.5
1589,-100,-30.0,40.0,2.5,10.0
1590,-100,-30.0,40.0,3.0,1.0
1591,-100,-30.0,40.0,3.0,2.5
1592,-100,-30.0,40.0,3.0,4.0
1593,-100,-30.0,40.0,3.0,5.5
1594,-100,-30.0,40.0,3.0,7.0
1595,-100,-30.0,40.0,3.0,8.5
1596,-100,-30.0,40.0,3.0,10.0
1597,-100,-30.0,40.0,3.5,1.0
1598,-100,-30.0,40.0,3.5,2.5
1599,-100,-30.0,40.0,3.5,4.0
1600,-100,-30.0,40.0,3.5,5.5
1601,-100,-30.0,40.0,3.5,7.0
1602,-100,-30.0,40.0,3.5,8.5
1603,-100,-30.0,40.0,3.5,10.0
1604,-100,-30.0,40.0,4.0,1.0
1605,-100,-30.0,40.0,4.0,2.5
1606,-100,-30.0,40.0,4.0,4.0
1607,-100,-30.0,40.0,4.0,5.5
1608,-100,-30.0,40.0,4.0,7.0
1609,-100,-30.0,40.0,4.0,8.5
1610,-100,-30.0,40.0,4.0,10.0
1611,-100,-30.0,45.0,2.0,1.0
1612,-100,-30.0,45.0,2.0,2.5
1613,-100,-30.0,45.0,2.0,4.0
1614,-100,-30.0,45.0,2.0,5.5
1615,-100,-30.0,45.0,2.0,7.0
1616,-100,-30.0,45.0,2.0,8.5
1617,-100,-30.0,45.0,2.0,10.0
1618,-100,-30.0,45.0,2.5,1.0
1619,-100,-30.0,45.0,2.5,2.5
1620,-100,-30.0,45.0,2.5,4.0
1621,-100,-30.0,45.0,2.5,5.5
1622,-100,-30.0,45.0,2.5,7.0
1623,-100,-30.0,45.0,2.5,8.5
1624,-100,-30.0,45.0,2.5,10.0
1625,-100,-30.0,45.0,3.0,1.0
1626,-100,-30.0,45.0,3.0,2.5
1627,-100,-30.0,45.0,3.0,4.0
1628,-100,-30.0,45.0,3.0,5.5
1629,-100,-30.0,45.0,3.0,7.0
1630,-100,-30.0,45.0,3.0,8.5
1631,-100,-30.0,45.0,3.0,10.0
1632,-100,-30.0,45.0,3.5,1.0
1633,-100,-30.0,45.0,3.5,2.5
1634,-100,-30.0,45.0,3.5,4.0
1635,-100,-30.0,45.0,3.5,5.5
1636,-100,-30.0,45.0,3.5,7.0
1637,-100,-30.0,45.0,3.5,8.5
1638,-100,-30.0,45.0,3.5,10.0
1639,-100,-30.0,45.0,4.0,1.0
1640,-100,-30.0,45.0,4.0,2.5
1641,-100,-30.0,45.0,4.0,4.0
1642,-100,-30.0,45.0,4.0,5.5
1643,-100,-30.0,45.0,4.0,7.0
1644,-100,-30.0,45.0,4.0,8.5
1645,-100,-30.0,45.0,4.0,10.0
1646,-100,-30.0,50.0,2.0,1.0
1647,-100,-30.0,50.0,2.0,2.5
1648,-100,-30.0,50.0,2.0,4.0
1649,-100,-30.0,50.0,2.0,5.5
1650,-100,-30.0,50.0,2.0,7.0
1651,-100,-30.0,50.0,2.0,8.5
1652,-100,-30.0,50.0,2.0,10.0
1653,-100,-30.0,50.0,2.5,1.0
1654,-100,-30.0,50.0,2.5,2.5
1655,-100,-30.0,50.0,2.5,4.0
1656,-100,-30.0,50.0,2.5,5.5
1657,-100,-30.0,50.0,2.5,7.0
1658,-100,-30.0,50.0,2.5,8.5
1659,-100,-30.0,50.0,2.5,10.0
1660,-100,-30.0,50.0,3.0,1.0
1661,-100,-30.0,50.0,3.0,2.5
1662,-100,-30.0,50.0,3.0,4.0
1663,-100,-30.0,50.0,3.0,5.5
1664,-100,-30.0,50.0,3.0,7.0
1665,-100,-30.0,50.0,3.0,8.5
1666,-100,-30.0,50.0,3.0,10.0
1667,-100,-30.0,50.0,3.5,1.0
1668,-100,-30.0,50.0,3.5,2.5
1669,-100,-30.0,50.0,3.5,4.0
1670,-100,-30.0,50.0,3.5,5.5
1671,-100,-30.0,50.0,3.5,7.0
1672,-100,-30.0,50.0,3.5,8.5
1673,-100,-30.0,50.0,3.5,10.0
1674,-100,-30.0,50.0,4.0,1.0
1675,-100,-30.0,50.0,4.0,2.5
1676,-100,-30.0,50.0,4.0,4.0
1677,-100,-30.0,50.0,4.0,5.5
1678,-100,-30.0,50.0,4.0,7.0
1679,-100,-30.0,50.0,4.0,8.5
1680,-100,-30.0,50.0,4.0,10.0
1681,-100,-30.0,55.0,2.0,1.0
1682,-100,-30.0,55.0,2.0,2.5
1683,-100,-30.0,55.0,2.0,4.0
1684,-100,-30.0,55.0,2.0,5.5
1685,-100,-30.0,55.0,2.0,7.0
1686,-100,-30.0,55.0,2.0,8.5
1687,-100,-30.0,55.0,2.0,10.0
1688,-100,-30.0,55.0,2.5,1.0
1689,-100,-30.0,55.0,2.5,2.5
1690,-100,-30.0,55.0,2.5,4.0
1691,-100,-30.0,55.0,2.5,5.5
1692,-100,-30.0,55.0,2.5,7.0
1693,-100,-30.0,55.0,2.5,8.5
1694,-100,-30.0,55.0,2.5,10.0
1695,-100,-30.0,55.0,3.0,1.0
1696,-100,-30.0,55.0,3.0,2.5
1697,-100,-30.0,55.0,3.0,4.0
1698,-100,-30.0,55.0,3.0,5.5
1699,-100,-30.0,55.0,3.0,7.0
1700,-100,-30.0,55.0,3.0,8.5
1701,-100,-30.0,55.0,3.0,10.0
1702,-100,-30.0,55.0,3.5,1.0
1703,-100,-30.0,55.0,3.5,2.5
1704,-100,-30.0,55.0,3.5,4.0
1705,-100,-30.0,55.0,3.5,5.5
1706,-100,-30.0,55.0,3.5,7.0
1707,-100,-30.0,55.0,3.5,8.5
1708,-100,-30.0,55.0,3.5,10.0
1709,-100,-30.0,55.0,4.0,1.0
1710,-100,-30.0,55.0,4.0,2.5
1711,-100,-30.0,55.0,4.0,4.0
1712,-100,-30.0,55.0,4.0,5.5
1713,-100,-30.0,55.0,4.0,7.0
1714,-100,-30.0,55.0,4.0,8.5
1715,-100,-30.0,55.0,4.0,10.0
