id,RX_SENSITIVITY_DBM,RSSI_INFLECTION_POINT,TRANSMITTING_RANGE,PATH_LOSS_EXPONENT,AWGN_SIGMA,mean_rssi_dbm,std_rssi_dbm,min_rssi_dbm,loss_rate_pct,throughput_pkt_s,mean_delay_s,std_delay_s,std_loss_rate,per_node_min_prr
6,-100,-120.0,40,1.0,3.5,-92.92,4.8163,-100,75.22,29.74,0.985541,0.62336,4.8896,0.167
12,-100,-120.0,40,1.0,6.5,-92.42,6.3204,-100,77.13,27.44,1.094487,0.755401,6.4547,0.1197
1,-100,-120.0,40,1.0,1.0,-93.34,3.8286,-100,77.24,27.31,1.026658,0.614361,4.0023,0.1453
3,-100,-120.0,40,1.0,2.0,-93.38,4.5055,-100,77.67,26.8,1.106959,0.652668,4.0529,0.1463
2,-100,-120.0,40,1.0,1.5,-93.02,4.0918,-100,75.97,28.83,1.04935,0.631599,4.3375,0.1718
5,-100,-120.0,40,1.0,3.0,-93.46,4.6954,-100,77.6,26.87,1.146061,0.693295,4.4386,0.1356
4,-100,-120.0,40,1.0,2.5,-93.15,4.7991,-100,76.48,28.23,1.067755,0.644462,4.3362,0.1669
11,-100,-120.0,40,1.0,6.0,-92.05,6.4146,-100,78.01,26.38,1.176517,0.717583,4.3905,0.1717
10,-100,-120.0,40,1.0,5.5,-92.44,6.1095,-100,77.17,27.4,1.093099,0.673134,4.2837,0.1486
9,-100,-120.0,40,1.0,5.0,-92.81,5.7927,-100,78.21,26.15,1.17327,0.705092,4.9873,0.1414
7,-100,-120.0,40,1.0,4.0,-92.95,5.182,-100,77.99,26.42,1.162698,0.669329,3.7935,0.1569
8,-100,-120.0,40,1.0,4.5,-92.57,5.4154,-100,78.58,25.71,1.246083,0.706415,4.3191,0.1592
13,-100,-120.0,40,1.0,7.0,-91.89,6.8147,-100,77.52,26.98,1.137036,0.693423,4.8491,0.1559
17,-100,-120.0,40,1.0,9.0,-91.45,7.9266,-100,77.96,26.46,1.106204,0.668378,3.6814,0.1363
16,-100,-120.0,40,1.0,8.5,-91.5,7.5239,-100,76.8,27.84,1.10791,0.637074,3.349,0.1715
14,-100,-120.0,40,1.0,7.5,-92.33,6.8065,-100,78.36,25.97,1.197107,0.744102,4.539,0.1269
22,-100,-120.0,40,1.0,11.5,-90.33,9.5981,-100,76.41,28.31,1.054804,0.690048,4.0396,0.1593
20,-100,-120.0,40,1.0,10.5,-90.85,8.6758,-100,76.94,27.68,1.092893,0.647169,2.9948,0.1646
18,-100,-120.0,40,1.0,9.5,-91.31,8.1179,-100,77.26,27.29,1.122853,0.670671,4.2271,0.161
21,-100,-120.0,40,1.0,11.0,-90.73,8.9646,-100,76.89,27.73,1.112928,0.672832,3.7847,0.1614
19,-100,-120.0,40,1.0,10.0,-90.62,8.7075,-100,76.94,27.67,1.073069,0.754667,5.6701,0.1205
23,-100,-120.0,40,1.0,12.0,-89.72,9.6407,-100,77.3,27.23,1.168409,0.77806,5.9786,0.1173
15,-100,-120.0,40,1.0,8.0,-91.54,7.4554,-100,77.89,26.53,1.171488,0.686637,3.8494,0.157
24,-100,-120.0,40,1.0,12.5,-89.81,10.0397,-100,77.97,26.43,1.161006,0.705709,4.1045,0.155
25,-100,-120.0,40,1.0,13.0,-89.98,10.3099,-100,77.9,26.52,1.227435,0.83771,6.3912,0.1329
27,-100,-120.0,40,1.0,14.0,-89.22,10.7567,-100,75.74,29.11,1.06747,0.628905,3.2349,0.1995
26,-100,-120.0,40,1.0,13.5,-89.6,10.5053,-100,77.17,27.39,1.128488,0.641591,2.5437,0.1739
28,-100,-120.0,40,1.25,1.0,-91.48,5.4044,-100,77.83,26.61,1.174851,0.720742,6.0611,0.1499
34,-100,-120.0,40,1.25,4.0,-91.48,6.3542,-100,77.23,27.32,1.130668,0.665068,4.0301,0.1514
32,-100,-120.0,40,1.25,3.0,-91.85,5.6076,-100,77.3,27.24,1.089648,0.653397,4.1929,0.1599
33,-100,-120.0,40,1.25,3.5,-91.72,6.0133,-100,78.97,25.23,1.270377,0.767676,5.5391,0.1472
31,-100,-120.0,40,1.25,2.5,-91.76,4.923,-100,78.26,26.09,1.194042,0.732356,5.3697,0.1522
29,-100,-120.0,40,1.25,1.5,-91.35,5.213,-100,77.7,26.76,1.141844,0.667612,4.3534,0.153
30,-100,-120.0,40,1.25,2.0,-91.31,5.5444,-100,77.55,26.94,1.120748,0.722356,5.6989,0.122
36,-100,-120.0,40,1.25,5.0,-91.14,6.3912,-100,75.23,29.72,0.977612,0.595991,3.8929,0.1836
35,-100,-120.0,40,1.25,4.5,-91.29,6.5172,-100,78.74,25.52,1.239652,0.695398,3.0999,0.1417
37,-100,-120.0,40,1.25,5.5,-91.54,6.5286,-100,77.89,26.53,1.112451,0.717654,4.9851,0.1306
38,-100,-120.0,40,1.25,6.0,-91.18,6.6404,-100,78.54,25.75,1.214621,0.693086,3.7338,0.1431
39,-100,-120.0,40,1.25,6.5,-90.92,7.1331,-100,77.07,27.52,1.119629,0.635332,2.8101,0.1622
41,-100,-120.0,40,1.25,7.5,-90.71,7.5391,-100,75.03,29.96,1.02386,0.63651,3.8542,0.1738
40,-100,-120.0,40,1.25,7.0,-90.61,7.2063,-100,76.84,27.79,1.111918,0.658078,3.1298,0.1763
42,-100,-120.0,40,1.25,8.0,-90.1,8.1239,-100,77.08,27.5,1.111037,0.679109,3.7751,0.1556
43,-100,-120.0,40,1.25,8.5,-90.29,8.2004,-100,77.37,27.15,1.115847,0.628132,2.7303,0.1838
44,-100,-120.0,40,1.25,9.0,-90.23,8.5828,-100,78.13,26.23,1.261372,0.795147,5.6358,0.1452
46,-100,-120.0,40,1.25,10.0,-90.14,8.9022,-100,78.2,26.17,1.184412,0.770192,5.1357,0.159
45,-100,-120.0,40,1.25,9.5,-90.19,8.6101,-100,78.12,26.25,1.225517,0.708881,3.0508,0.168
47,-100,-120.0,40,1.25,10.5,-89.53,9.522,-100,78.17,26.2,1.206348,0.706533,3.6362,0.1537
48,-100,-120.0,40,1.25,11.0,-89.96,9.5305,-100,76.93,27.68,1.146253,0.661698,2.8865,0.1874
49,-100,-120.0,40,1.25,11.5,-89.08,10.0781,-100,76.66,28.01,1.10176,0.677761,3.4701,0.181
53,-100,-120.0,40,1.25,13.5,-88.36,11.1967,-100,75.4,29.52,1.034653,0.639045,3.9506,0.1862
50,-100,-120.0,40,1.25,12.0,-89.15,10.3924,-100,78.69,25.58,1.227937,0.664382,2.3551,0.1736
55,-100,-120.0,40,1.5,1.0,-90.56,5.6075,-100,76.9,27.71,1.062289,0.656004,4.9198,0.1429
52,-100,-120.0,40,1.25,13.0,-88.56,10.8833,-100,77.32,27.21,1.176219,0.667415,2.7683,0.1757
51,-100,-120.0,40,1.25,12.5,-88.69,10.5946,-100,77.71,26.74,1.104273,0.779568,6.354,0.1165
57,-100,-120.0,40,1.5,2.0,-90.11,6.62,-100,77.23,27.32,1.1321,0.766196,6.1393,0.1337
58,-100,-120.0,40,1.5,2.5,-90.4,6.2114,-100,76.56,28.12,1.073151,0.674664,4.7043,0.156
56,-100,-120.0,40,1.5,1.5,-90.56,5.7409,-100,77.18,27.4,1.107936,0.637633,3.788,0.1663
54,-100,-120.0,40,1.25,14.0,-88.0,11.4613,-100,77.88,26.54,1.218107,0.737377,4.2344,0.1575
59,-100,-120.0,40,1.5,3.0,-89.75,6.6845,-100,78.39,25.94,1.195476,0.787468,6.5895,0.0991
60,-100,-120.0,40,1.5,3.5,-90.09,6.5131,-100,79.28,24.86,1.258052,0.744139,4.4292,0.1435
61,-100,-120.0,40,1.5,4.0,-89.58,6.3933,-100,78.01,26.38,1.144272,0.704587,4.9726,0.1329
62,-100,-120.0,40,1.5,4.5,-90.09,6.7394,-100,77.47,27.04,1.132228,0.705425,4.4142,0.1671
63,-100,-120.0,40,1.5,5.0,-90.12,7.3299,-100,78.55,25.74,1.184219,0.714076,4.3139,0.1154
70,-100,-120.0,40,1.5,8.5,-88.89,9.0977,-100,76.13,28.66,1.047632,0.648249,3.8596,0.1741
64,-100,-120.0,40,1.5,5.5,-89.74,7.1585,-100,78.04,26.36,1.189564,0.694282,3.4445,0.1533
65,-100,-120.0,40,1.5,6.0,-89.2,7.5671,-100,77.61,26.88,1.195263,0.726482,4.8148,0.1577
66,-100,-120.0,40,1.5,6.5,-89.36,7.9684,-100,78.16,26.21,1.189863,0.656451,2.5484,0.1741
67,-100,-120.0,40,1.5,7.0,-89.34,8.1307,-100,78.1,26.28,1.231016,0.716287,3.6279,0.151
69,-100,-120.0,40,1.5,8.0,-89.27,8.5051,-100,77.47,27.03,1.149433,0.687655,3.905,0.1502
68,-100,-120.0,40,1.5,7.5,-89.44,8.548,-100,78.2,26.16,1.203722,0.676439,2.4977,0.176
71,-100,-120.0,40,1.5,9.0,-88.88,9.2468,-100,77.15,27.41,1.143786,0.658726,3.1357,0.1671
72,-100,-120.0,40,1.5,9.5,-88.53,9.3865,-100,78.02,26.37,1.282043,0.802312,5.3108,0.1405
73,-100,-120.0,40,1.5,10.0,-88.23,9.819,-100,76.5,28.2,1.121241,0.689248,3.6098,0.1606
74,-100,-120.0,40,1.5,10.5,-88.27,10.1384,-100,76.9,27.71,1.142879,0.740899,5.147,0.1577
76,-100,-120.0,40,1.5,11.5,-87.9,10.5466,-100,77.07,27.52,1.102183,0.655121,3.1086,0.1793
75,-100,-120.0,40,1.5,11.0,-87.85,10.4688,-100,77.83,26.61,1.162768,0.69115,4.2221,0.163
79,-100,-120.0,40,1.5,13.0,-87.79,11.6682,-100,78.62,25.65,1.253414,0.742549,4.0552,0.1446
81,-100,-120.0,40,1.5,14.0,-86.99,12.2211,-100,77.77,26.68,1.225267,0.805878,5.1693,0.1514
80,-100,-120.0,40,1.5,13.5,-87.33,11.7739,-100,78.16,26.21,1.232736,0.706196,3.165,0.1733
77,-100,-120.0,40,1.5,12.0,-87.95,10.8758,-100,78.35,25.98,1.197521,0.69721,3.4863,0.17
82,-100,-120.0,40,1.75,1.0,-88.84,6.4418,-100,79.25,24.9,1.220414,0.791627,4.8247,0.0955
78,-100,-120.0,40,1.5,12.5,-87.61,11.2706,-100,78.17,26.19,1.188279,0.694144,2.9957,0.1716
83,-100,-120.0,40,1.75,1.5,-88.77,6.8503,-100,77.94,26.47,1.184645,0.760278,4.4718,0.1185
84,-100,-120.0,40,1.75,2.0,-88.56,7.0782,-100,78.09,26.29,1.186373,0.737399,4.3486,0.135
85,-100,-120.0,40,1.75,2.5,-88.96,6.9782,-100,75.83,29.0,1.05786,0.675527,4.7634,0.1645
86,-100,-120.0,40,1.75,3.0,-88.47,6.7621,-100,78.71,25.54,1.221704,0.777515,5.3022,0.1091
92,-100,-120.0,40,1.75,6.0,-88.11,8.4787,-100,73.58,31.7,0.939662,0.600396,4.3231,0.1811
89,-100,-120.0,40,1.75,4.5,-87.9,7.646,-100,76.13,28.64,1.039716,0.628128,3.3258,0.1698
90,-100,-120.0,40,1.75,5.0,-88.48,7.9241,-100,77.04,27.55,1.097694,0.702387,4.6221,0.174
87,-100,-120.0,40,1.75,3.5,-88.34,7.4616,-100,77.89,26.53,1.222035,0.739531,4.8341,0.1452
88,-100,-120.0,40,1.75,4.0,-88.76,7.2943,-100,78.49,25.81,1.250421,0.685207,3.1893,0.1527
93,-100,-120.0,40,1.75,6.5,-88.11,8.4443,-100,75.97,28.83,1.038484,0.60142,2.2107,0.2108
94,-100,-120.0,40,1.75,7.0,-88.25,9.0983,-100,76.51,28.19,1.049204,0.629362,4.1005,0.1717
91,-100,-120.0,40,1.75,5.5,-88.42,8.3167,-100,78.38,25.95,1.197555,0.714938,3.9843,0.1559
95,-100,-120.0,40,1.75,7.5,-87.88,8.8958,-100,78.36,25.97,1.233089,0.701938,3.4211,0.1687
96,-100,-120.0,40,1.75,8.0,-87.51,9.28,-100,77.37,27.16,1.161161,0.668812,3.203,0.1748
97,-100,-120.0,40,1.75,8.5,-87.38,9.3533,-100,75.93,28.89,1.057126,0.673381,4.9739,0.1619
98,-100,-120.0,40,1.75,9.0,-87.11,10.0368,-100,78.08,26.31,1.179666,0.719403,4.0469,0.1345
100,-100,-120.0,40,1.75,10.0,-87.34,10.2271,-100,76.71,27.95,1.115989,0.684398,4.0758,0.1596
102,-100,-120.0,40,1.75,11.0,-87.41,10.7811,-100,77.45,27.06,1.139828,0.73722,4.5554,0.1434
99,-100,-120.0,40,1.75,9.5,-87.22,10.0884,-100,78.68,25.59,1.243066,0.712315,3.0397,0.1609
101,-100,-120.0,40,1.75,10.5,-87.37,10.4525,-100,78.08,26.3,1.224235,0.72167,3.7022,0.1761
105,-100,-120.0,40,1.75,12.5,-86.46,11.7652,-100,76.86,27.78,1.148626,0.763912,5.4074,0.1394
104,-100,-120.0,40,1.75,12.0,-86.63,11.4134,-100,78.88,25.35,1.277045,0.745344,3.7979,0.1489
103,-100,-120.0,40,1.75,11.5,-87.14,11.1309,-100,78.3,26.03,1.239338,0.755905,4.1087,0.1574
106,-100,-120.0,40,1.75,13.0,-86.37,12.1493,-100,78.98,25.23,1.271794,0.719265,2.6204,0.1477
107,-100,-120.0,40,1.75,13.5,-86.42,12.3532,-100,78.57,25.72,1.295695,0.712786,2.774,0.1706
108,-100,-120.0,40,1.75,14.0,-85.91,12.6504,-100,78.28,26.06,1.267746,0.732515,3.5815,0.1485
109,-100,-120.0,40,2.0,1.0,-87.35,7.8849,-100,78.55,25.74,1.242477,0.71335,3.5793,0.147
110,-100,-120.0,40,2.0,1.5,-87.37,8.2027,-100,77.13,27.45,1.138213,0.668195,3.531,0.1511
113,-100,-120.0,40,2.0,3.0,-87.13,7.825,-100,76.82,27.82,1.142262,0.68087,3.6024,0.1857
112,-100,-120.0,40,2.0,2.5,-87.21,7.8685,-100,76.93,27.69,1.100865,0.659139,4.3795,0.1497
111,-100,-120.0,40,2.0,2.0,-87.46,7.9516,-100,77.45,27.06,1.182213,0.73731,4.9824,0.1501
114,-100,-120.0,40,2.0,3.5,-87.32,8.2538,-100,75.75,29.09,1.021365,0.611057,3.815,0.1832
115,-100,-120.0,40,2.0,4.0,-87.27,8.5858,-100,77.18,27.39,1.107166,0.659738,4.2244,0.1638
116,-100,-120.0,40,2.0,4.5,-86.89,8.6106,-100,77.27,27.28,1.092285,0.639977,2.9426,0.1647
117,-100,-120.0,40,2.0,5.0,-87.05,8.8999,-100,78.72,25.53,1.229945,0.688662,2.8159,0.1565
118,-100,-120.0,40,2.0,5.5,-86.69,9.0795,-100,78.02,26.38,1.224947,0.800353,5.3762,0.139
120,-100,-120.0,40,2.0,6.5,-86.3,9.5822,-100,78.83,25.41,1.252041,0.773049,4.6116,0.1429
119,-100,-120.0,40,2.0,6.0,-86.24,9.4621,-100,78.02,26.37,1.174756,0.688045,3.1717,0.1644
121,-100,-120.0,40,2.0,7.0,-86.55,9.7815,-100,78.47,25.83,1.226363,0.766711,4.458,0.1346
123,-100,-120.0,40,2.0,8.0,-85.94,10.3214,-100,78.29,26.06,1.194894,0.711616,3.3653,0.1671
122,-100,-120.0,40,2.0,7.5,-86.2,9.7197,-100,78.54,25.75,1.244961,0.772221,5.0705,0.1396
124,-100,-120.0,40,2.0,8.5,-86.48,10.2932,-100,77.88,26.55,1.171688,0.696008,3.3562,0.1672
125,-100,-120.0,40,2.0,9.0,-86.31,10.9389,-100,78.32,26.03,1.244617,0.753194,4.254,0.1613
126,-100,-120.0,40,2.0,9.5,-85.93,10.9972,-100,77.91,26.52,1.202673,0.772218,4.9975,0.1317
127,-100,-120.0,40,2.0,10.0,-85.76,11.2008,-100,78.53,25.77,1.252332,0.716727,3.1546,0.1734
128,-100,-120.0,40,2.0,10.5,-85.7,11.1243,-100,77.94,26.47,1.163743,0.699648,3.8001,0.1429
130,-100,-120.0,40,2.0,11.5,-85.76,11.6946,-100,78.79,25.45,1.280602,0.774484,4.1301,0.1285
129,-100,-120.0,40,2.0,11.0,-85.63,11.4838,-100,78.16,26.21,1.216006,0.752719,4.3986,0.1456
131,-100,-120.0,40,2.0,12.0,-85.5,12.0888,-100,77.37,27.16,1.169609,0.710345,3.328,0.158
132,-100,-120.0,40,2.0,12.5,-85.02,12.3686,-100,78.29,26.05,1.290244,0.840282,5.6357,0.1211
133,-100,-120.0,40,2.0,13.0,-84.97,12.8062,-100,78.51,25.79,1.297547,0.795113,4.7923,0.1459
134,-100,-120.0,40,2.0,13.5,-84.46,13.0962,-100,76.92,27.7,1.073936,0.706445,4.3419,0.1475
135,-100,-120.0,40,2.0,14.0,-84.39,13.4685,-100,77.39,27.13,1.155332,0.736525,4.2148,0.1552
136,-100,-120.0,40,2.25,1.0,-86.08,8.6109,-100,79.6,24.48,1.366359,0.881848,5.5285,0.1172
138,-100,-120.0,40,2.25,2.0,-85.6,8.2122,-100,77.23,27.33,1.171354,0.709605,4.1116,0.1698
140,-100,-120.0,40,2.25,3.0,-85.61,9.166,-100,77.14,27.42,1.161947,0.778211,5.991,0.1341
137,-100,-120.0,40,2.25,1.5,-85.99,8.418,-100,79.1,25.09,1.248958,0.727363,3.7501,0.1275
139,-100,-120.0,40,2.25,2.5,-85.81,9.2674,-100,77.47,27.03,1.185637,0.72049,4.6662,0.1517
142,-100,-120.0,40,2.25,4.0,-85.82,9.2376,-100,78.39,25.94,1.275591,0.8038,4.9302,0.1493
141,-100,-120.0,40,2.25,3.5,-85.25,9.1807,-100,78.62,25.65,1.209334,0.716581,3.5858,0.1529
144,-100,-120.0,40,2.25,5.0,-85.13,9.759,-100,76.86,27.77,1.114797,0.6939,3.8459,0.1496
143,-100,-120.0,40,2.25,4.5,-85.36,9.6023,-100,78.14,26.23,1.16003,0.689372,3.7202,0.1709
145,-100,-120.0,40,2.25,5.5,-85.08,9.6096,-100,77.28,27.26,1.163529,0.690416,3.9029,0.1564
146,-100,-120.0,40,2.25,6.0,-85.29,9.835,-100,77.52,26.98,1.150089,0.661265,2.996,0.1753
147,-100,-120.0,40,2.25,6.5,-84.65,10.7178,-100,77.57,26.91,1.176678,0.725927,4.8424,0.1667
149,-100,-120.0,40,2.25,7.5,-84.55,10.4675,-100,78.17,26.2,1.201699,0.747589,4.8152,0.1572
148,-100,-120.0,40,2.25,7.0,-85.17,10.3779,-100,78.73,25.53,1.297307,0.806563,4.9587,0.1419
150,-100,-120.0,40,2.25,8.0,-84.77,11.0159,-100,77.46,27.06,1.17867,0.777531,5.6459,0.1483
151,-100,-120.0,40,2.25,8.5,-84.51,11.0098,-100,78.15,26.22,1.223933,0.76308,4.5825,0.1542
152,-100,-120.0,40,2.25,9.0,-84.61,11.5399,-100,77.14,27.43,1.10793,0.670718,3.7716,0.1743
154,-100,-120.0,40,2.25,10.0,-84.73,11.8162,-100,77.31,27.23,1.143377,0.709144,3.2656,0.1475
153,-100,-120.0,40,2.25,9.5,-84.0,11.8307,-100,77.55,26.94,1.150557,0.677492,3.4578,0.1666
155,-100,-120.0,40,2.25,10.5,-84.79,12.1627,-100,77.95,26.47,1.167976,0.674245,2.8452,0.1742
156,-100,-120.0,40,2.25,11.0,-84.29,11.9827,-100,78.19,26.17,1.239086,0.75983,4.2915,0.162
157,-100,-120.0,40,2.25,11.5,-83.93,12.4812,-100,77.98,26.42,1.199289,0.867691,6.4782,0.1243
158,-100,-120.0,40,2.25,12.0,-83.97,12.7796,-100,77.65,26.82,1.154652,0.680897,3.1433,0.1554
159,-100,-120.0,40,2.25,12.5,-83.43,13.3964,-100,78.47,25.83,1.197339,0.78239,4.6276,0.1143
160,-100,-120.0,40,2.25,13.0,-83.75,13.5537,-100,76.97,27.64,1.109791,0.670899,3.7176,0.1853
161,-100,-120.0,40,2.25,13.5,-83.49,13.9002,-100,77.33,27.21,1.165237,0.780661,5.6764,0.1317
162,-100,-120.0,40,2.25,14.0,-83.09,14.2662,-100,78.12,26.26,1.238551,0.744232,3.9843,0.1452
163,-100,-120.0,40,2.5,1.0,-83.97,9.1998,-99,77.38,27.15,1.151353,0.663592,3.1048,0.1857
164,-100,-120.0,40,2.5,1.5,-83.76,9.7716,-100,78.04,26.36,1.178558,0.690577,3.0826,0.1741
165,-100,-120.0,40,2.5,2.0,-84.28,9.8677,-100,77.46,27.05,1.19495,0.769935,5.4221,0.1382
167,-100,-120.0,40,2.5,3.0,-84.3,10.197,-100,77.18,27.38,1.170168,0.739783,5.0129,0.1451
166,-100,-120.0,40,2.5,2.5,-84.32,10.1177,-100,77.89,26.54,1.188956,0.731839,3.9628,0.1431
168,-100,-120.0,40,2.5,3.5,-84.07,10.4168,-100,77.1,27.48,1.120293,0.717611,4.3112,0.1447
169,-100,-120.0,40,2.5,4.0,-84.41,10.2758,-100,78.57,25.71,1.230171,0.766197,4.2678,0.1551
170,-100,-120.0,40,2.5,4.5,-83.55,10.4089,-100,77.45,27.06,1.139903,0.71278,4.1617,0.1778
171,-100,-120.0,40,2.5,5.0,-83.86,10.749,-100,77.62,26.86,1.136986,0.740235,4.902,0.1191
172,-100,-120.0,40,2.5,5.5,-84.01,10.5575,-100,78.26,26.08,1.229368,0.751806,3.8238,0.138
173,-100,-120.0,40,2.5,6.0,-84.07,10.6753,-100,78.53,25.76,1.201853,0.702221,3.0526,0.1463
174,-100,-120.0,40,2.5,6.5,-83.52,11.0451,-100,77.05,27.54,1.066632,0.685741,3.901,0.1242
176,-100,-120.0,40,2.5,7.5,-83.47,11.8861,-100,77.75,26.7,1.215889,0.860855,5.7694,0.1266
175,-100,-120.0,40,2.5,7.0,-83.48,11.0096,-100,77.25,27.3,1.101899,0.655617,2.8903,0.181
178,-100,-120.0,40,2.5,8.5,-82.71,11.8543,-100,76.82,27.82,1.12561,0.644986,2.2642,0.1915
177,-100,-120.0,40,2.5,8.0,-83.31,11.353,-100,77.93,26.5,1.204254,0.713155,3.3545,0.1634
179,-100,-120.0,40,2.5,9.0,-83.16,12.0298,-100,76.79,27.86,1.146902,0.759507,4.9748,0.1307
180,-100,-120.0,40,2.5,9.5,-83.12,12.5177,-100,78.25,26.09,1.24019,0.779308,4.6294,0.1408
181,-100,-120.0,40,2.5,10.0,-82.89,12.6508,-100,77.8,26.64,1.170205,0.770671,5.2159,0.1379
182,-100,-120.0,40,2.5,10.5,-82.77,13.1553,-100,76.24,28.52,1.065064,0.629928,2.4473,0.1971
184,-100,-120.0,40,2.5,11.5,-82.37,13.1159,-100,77.5,27.0,1.144763,0.672966,2.9593,0.1836
185,-100,-120.0,40,2.5,12.0,-82.8,13.513,-100,77.55,26.94,1.154971,0.706425,3.5462,0.157
186,-100,-120.0,40,2.5,12.5,-82.38,14.1063,-100,78.3,26.05,1.182685,0.841621,6.1218,0.1178
187,-100,-120.0,40,2.5,13.0,-82.47,14.2662,-100,77.5,26.99,1.177923,0.722742,3.7213,0.1751
183,-100,-120.0,40,2.5,11.0,-82.73,12.9662,-100,78.72,25.53,1.223137,0.706785,3.5381,0.1433
188,-100,-120.0,40,2.5,13.5,-82.52,14.2124,-100,77.15,27.41,1.129649,0.708792,4.1385,0.1652
190,-100,-120.0,40,2.75,1.0,-82.74,10.0126,-100,77.97,26.43,1.235641,0.748176,4.767,0.1589
189,-100,-120.0,40,2.5,14.0,-81.69,14.6984,-100,77.97,26.44,1.22686,0.733359,3.3579,0.1724
191,-100,-120.0,40,2.75,1.5,-82.61,9.9259,-100,77.63,26.84,1.120193,0.657608,2.5713,0.1793
192,-100,-120.0,40,2.75,2.0,-82.95,10.7512,-100,78.56,25.73,1.210364,0.737798,3.4893,0.1572
193,-100,-120.0,40,2.75,2.5,-82.09,10.8964,-100,77.07,27.51,1.123993,0.697505,4.0657,0.1606
194,-100,-120.0,40,2.75,3.0,-82.77,10.4201,-100,76.23,28.53,1.027277,0.670041,4.7624,0.138
195,-100,-120.0,40,2.75,3.5,-82.36,11.5669,-100,77.16,27.41,1.110521,0.678494,3.4175,0.187
196,-100,-120.0,40,2.75,4.0,-82.54,11.1086,-100,77.75,26.7,1.181636,0.723079,3.5559,0.1588
199,-100,-120.0,40,2.75,5.5,-82.78,11.2277,-100,76.55,28.14,1.101884,0.720627,4.9428,0.1515
197,-100,-120.0,40,2.75,4.5,-82.24,11.702,-100,77.27,27.27,1.147499,0.73605,4.3513,0.1639
200,-100,-120.0,40,2.75,6.0,-82.28,11.4306,-100,77.36,27.17,1.248853,0.930985,7.1454,0.1082
198,-100,-120.0,40,2.75,5.0,-82.19,11.7217,-100,77.98,26.43,1.15459,0.740328,4.7733,0.1265
201,-100,-120.0,40,2.75,6.5,-82.23,11.9043,-100,76.72,27.93,1.056281,0.653573,3.4562,0.1728
202,-100,-120.0,40,2.75,7.0,-82.84,12.0696,-100,78.11,26.27,1.164575,0.72112,3.5358,0.1263
203,-100,-120.0,40,2.75,7.5,-82.54,12.7538,-100,78.06,26.33,1.196097,0.729939,4.4466,0.1536
204,-100,-120.0,40,2.75,8.0,-81.64,12.4418,-100,77.02,27.58,1.10723,0.703985,4.6442,0.1532
205,-100,-120.0,40,2.75,8.5,-81.63,12.5519,-100,77.57,26.92,1.1759,0.677982,2.5814,0.1928
206,-100,-120.0,40,2.75,9.0,-82.03,12.7392,-100,78.28,26.06,1.244777,0.766244,4.6301,0.1482
207,-100,-120.0,40,2.75,9.5,-81.47,13.0054,-100,77.26,27.29,1.124847,0.662222,2.4661,0.1894
209,-100,-120.0,40,2.75,10.5,-81.01,13.9177,-100,77.86,26.57,1.178622,0.719796,3.5481,0.1531
208,-100,-120.0,40,2.75,10.0,-81.64,13.5683,-100,78.13,26.24,1.188462,0.690428,2.9682,0.1636
210,-100,-120.0,40,2.75,11.0,-81.16,14.0687,-100,77.45,27.07,1.1001,0.684616,3.5692,0.1771
211,-100,-120.0,40,2.75,11.5,-81.38,14.24,-100,77.46,27.05,1.09101,0.727234,4.7584,0.1557
212,-100,-120.0,40,2.75,12.0,-80.88,14.3819,-100,77.56,26.93,1.163005,0.85066,5.8957,0.1177
213,-100,-120.0,40,2.75,12.5,-80.73,14.9702,-100,77.91,26.5,1.187008,0.737779,4.2481,0.1557
215,-100,-120.0,40,2.75,13.5,-81.08,15.073,-100,77.66,26.81,1.196948,0.806796,5.3388,0.1353
214,-100,-120.0,40,2.75,13.0,-80.92,14.8361,-100,77.71,26.76,1.149903,0.68711,3.0423,0.1637
216,-100,-120.0,40,2.75,14.0,-80.62,15.3948,-100,77.25,27.3,1.176786,0.73058,4.1867,0.1594
217,-100,-120.0,40,3.0,1.0,-81.24,11.8363,-100,77.24,27.31,1.099546,0.668128,3.4915,0.1682
218,-100,-120.0,40,3.0,1.5,-80.79,11.5645,-100,76.19,28.57,1.051917,0.648916,3.5481,0.1891
220,-100,-120.0,40,3.0,2.5,-80.55,11.6618,-100,76.57,28.11,1.059978,0.636395,2.8123,0.1711
219,-100,-120.0,40,3.0,2.0,-80.84,11.6658,-100,78.25,26.09,1.159408,0.685822,2.7517,0.1571
222,-100,-120.0,40,3.0,3.5,-81.14,11.5057,-100,77.05,27.55,1.138909,0.740217,4.8158,0.1424
223,-100,-120.0,40,3.0,4.0,-81.18,11.88,-100,78.49,25.82,1.189959,0.77313,4.7417,0.1525
221,-100,-120.0,40,3.0,3.0,-81.02,11.76,-100,77.45,27.06,1.142362,0.675855,3.1472,0.1529
227,-100,-120.0,40,3.0,6.0,-81.31,12.621,-100,77.22,27.34,1.148774,0.719078,4.1305,0.157
224,-100,-120.0,40,3.0,4.5,-80.98,11.8787,-100,78.52,25.78,1.213385,0.67743,2.0577,0.1698
226,-100,-120.0,40,3.0,5.5,-81.15,12.2617,-100,77.19,27.37,1.094547,0.708896,4.2119,0.169
225,-100,-120.0,40,3.0,5.0,-81.2,12.0946,-100,77.85,26.58,1.1965,0.748842,4.0063,0.1663
228,-100,-120.0,40,3.0,6.5,-80.29,12.4635,-100,77.74,26.72,1.181087,0.775444,4.9432,0.1296
229,-100,-120.0,40,3.0,7.0,-80.38,13.1258,-100,77.62,26.85,1.154261,0.704239,4.1213,0.1523
230,-100,-120.0,40,3.0,7.5,-80.38,13.4756,-100,77.93,26.48,1.178383,0.689058,3.2566,0.18
231,-100,-120.0,40,3.0,8.0,-80.09,13.3248,-100,76.07,28.72,1.029264,0.674439,4.0287,0.1707
232,-100,-120.0,40,3.0,8.5,-80.54,13.8917,-100,77.78,26.66,1.119583,0.679382,3.0113,0.1823
235,-100,-120.0,40,3.0,10.0,-80.06,14.4445,-100,77.7,26.76,1.13045,0.713787,4.1273,0.1468
233,-100,-120.0,40,3.0,9.0,-80.71,13.6422,-100,77.3,27.24,1.102096,0.695771,4.26,0.1532
234,-100,-120.0,40,3.0,9.5,-80.36,13.6747,-100,77.95,26.46,1.126689,0.720149,3.8992,0.1617
237,-100,-120.0,40,3.0,11.0,-79.84,14.8305,-100,77.77,26.67,1.165485,0.796923,6.1958,0.1205
236,-100,-120.0,40,3.0,10.5,-79.91,14.3677,-100,77.12,27.45,1.163738,0.738339,4.6998,0.1495
238,-100,-120.0,40,3.0,11.5,-79.9,14.8675,-100,78.09,26.29,1.2305,0.678345,2.2007,0.1878
239,-100,-120.0,40,3.0,12.0,-79.91,15.4804,-100,76.95,27.67,1.144167,0.673581,3.0084,0.1833
240,-100,-120.0,40,3.0,12.5,-79.6,15.6228,-100,77.23,27.32,1.14647,0.695626,3.1271,0.1558
241,-100,-120.0,40,3.0,13.0,-79.42,15.5171,-100,78.24,26.12,1.176345,0.704638,3.4847,0.1512
242,-100,-120.0,40,3.0,13.5,-79.28,15.6861,-100,77.74,26.71,1.164863,0.802087,5.2528,0.1278
243,-100,-120.0,40,3.0,14.0,-79.35,16.4851,-100,77.62,26.86,1.20494,0.769608,4.6502,0.155
244,-100,-120.0,40,3.25,1.0,-78.85,12.7912,-99,78.1,26.28,1.184442,0.714783,3.6472,0.1445
246,-100,-120.0,40,3.25,2.0,-79.6,12.4347,-100,77.32,27.22,1.149186,0.733926,4.602,0.1638
247,-100,-120.0,40,3.25,2.5,-79.42,12.4525,-100,77.98,26.42,1.141783,0.718505,4.3057,0.1559
245,-100,-120.0,40,3.25,1.5,-79.42,12.5181,-100,77.91,26.51,1.209886,0.892878,6.5018,0.1292
250,-100,-120.0,40,3.25,4.0,-79.23,12.9241,-100,76.32,28.43,1.029747,0.660748,3.802,0.1669
249,-100,-120.0,40,3.25,3.5,-79.89,12.7262,-100,77.71,26.74,1.150375,0.778273,5.2909,0.1361
248,-100,-120.0,40,3.25,3.0,-79.46,12.5139,-100,77.22,27.34,1.147113,0.642602,1.8306,0.1945
251,-100,-120.0,40,3.25,4.5,-79.02,13.57,-100,77.89,26.53,1.179583,0.717797,3.7839,0.1707
252,-100,-120.0,40,3.25,5.0,-79.32,13.5076,-100,77.26,27.29,1.130674,0.711612,4.6409,0.1627
253,-100,-120.0,40,3.25,5.5,-79.5,13.1069,-100,77.92,26.5,1.208654,0.767106,4.504,0.1638
254,-100,-120.0,40,3.25,6.0,-79.08,13.5363,-100,76.28,28.46,1.031448,0.647182,2.6796,0.1882
255,-100,-120.0,40,3.25,6.5,-79.23,13.5309,-100,77.53,26.98,1.114062,0.6786,2.7678,0.1611
256,-100,-120.0,40,3.25,7.0,-79.38,13.8716,-100,76.81,27.82,1.099309,0.652547,2.5487,0.1993
258,-100,-120.0,40,3.25,8.0,-79.24,14.0739,-100,78.01,26.39,1.182156,0.745509,4.289,0.1324
259,-100,-120.0,40,3.25,8.5,-78.98,14.6104,-100,76.97,27.64,1.108535,0.660847,2.7182,0.1901
257,-100,-120.0,40,3.25,7.5,-79.24,13.9215,-100,78.46,25.85,1.225055,0.694368,2.7374,0.1761
260,-100,-120.0,40,3.25,9.0,-78.66,14.8371,-100,77.37,27.15,1.133035,0.74704,4.6023,0.1582
262,-100,-120.0,40,3.25,10.0,-78.45,14.9492,-100,77.95,26.46,1.169006,0.714447,4.2564,0.1595
261,-100,-120.0,40,3.25,9.5,-78.72,14.7666,-100,77.35,27.18,1.129239,0.673239,3.2146,0.1781
263,-100,-120.0,40,3.25,10.5,-78.49,14.7437,-100,77.83,26.62,1.171113,0.697267,2.9102,0.1628
264,-100,-120.0,40,3.25,11.0,-78.24,15.6266,-100,77.23,27.32,1.121615,0.696922,3.8575,0.1433
265,-100,-120.0,40,3.25,11.5,-78.39,15.2801,-100,77.32,27.22,1.186967,0.765784,4.9978,0.1511
266,-100,-120.0,40,3.25,12.0,-78.56,15.8762,-100,78.0,26.41,1.166711,0.698183,3.0465,0.1631
267,-100,-120.0,40,3.25,12.5,-78.66,15.9271,-100,75.3,29.65,1.030647,0.649765,3.6515,0.1901
268,-100,-120.0,40,3.25,13.0,-77.66,16.4265,-100,76.53,28.17,1.058463,0.671154,3.7488,0.1553
269,-100,-120.0,40,3.25,13.5,-78.24,16.4545,-100,77.87,26.56,1.161588,0.712558,3.9953,0.1668
270,-100,-120.0,40,3.25,14.0,-77.71,16.8492,-100,78.29,26.05,1.213772,0.735591,3.8297,0.1509
271,-100,-120.0,40,3.5,1.0,-78.38,12.2651,-99,77.42,27.1,1.14231,0.72406,4.5724,0.1571
272,-100,-120.0,40,3.5,1.5,-77.93,13.5228,-100,77.39,27.14,1.100186,0.663812,3.1174,0.1738
274,-100,-120.0,40,3.5,2.5,-77.62,13.469,-100,76.7,27.95,1.066182,0.695215,4.2717,0.1728
273,-100,-120.0,40,3.5,2.0,-78.17,13.1069,-100,77.64,26.83,1.128572,0.691035,4.1412,0.1486
275,-100,-120.0,40,3.5,3.0,-77.62,13.4982,-100,77.43,27.08,1.151401,0.717294,3.6222,0.1742
276,-100,-120.0,40,3.5,3.5,-78.51,13.7016,-100,77.66,26.8,1.15307,0.738775,4.3516,0.1428
277,-100,-120.0,40,3.5,4.0,-77.69,13.978,-100,76.37,28.36,1.076026,0.655082,3.3785,0.1789
278,-100,-120.0,40,3.5,4.5,-78.16,13.4732,-100,78.09,26.29,1.179051,0.740117,3.9076,0.1489
279,-100,-120.0,40,3.5,5.0,-77.77,14.1676,-100,76.97,27.63,1.0257,0.647054,3.2337,0.1735
280,-100,-120.0,40,3.5,5.5,-77.99,15.0089,-100,76.72,27.94,1.069515,0.684657,4.1686,0.16
281,-100,-120.0,40,3.5,6.0,-77.68,14.4952,-100,77.19,27.38,1.10035,0.69109,4.0253,0.175
282,-100,-120.0,40,3.5,6.5,-78.19,14.6254,-100,76.98,27.63,1.093428,0.677188,3.2103,0.1777
283,-100,-120.0,40,3.5,7.0,-77.98,14.0186,-100,77.34,27.19,1.13617,0.788495,5.3804,0.1351
284,-100,-120.0,40,3.5,7.5,-77.01,15.1611,-100,76.84,27.8,1.068161,0.668327,3.8823,0.1744
285,-100,-120.0,40,3.5,8.0,-77.67,14.795,-100,77.55,26.94,1.134073,0.683433,2.7418,0.1685
286,-100,-120.0,40,3.5,8.5,-77.83,15.1038,-100,77.63,26.85,1.160736,0.729834,4.0358,0.1573
287,-100,-120.0,40,3.5,9.0,-77.24,15.0312,-100,78.08,26.28,1.157694,0.700749,3.3862,0.1579
288,-100,-120.0,40,3.5,9.5,-76.78,16.0031,-100,77.49,27.02,1.194402,0.89152,7.0121,0.1103
289,-100,-120.0,40,3.5,10.0,-77.04,16.4254,-100,77.42,27.09,1.135888,0.738639,4.4542,0.1711
291,-100,-120.0,40,3.5,11.0,-77.2,16.174,-100,76.55,28.13,1.078124,0.683008,3.7365,0.1465
290,-100,-120.0,40,3.5,10.5,-77.42,16.1069,-100,78.01,26.38,1.173593,0.704077,3.4185,0.175
292,-100,-120.0,40,3.5,11.5,-76.75,16.9158,-100,77.38,27.14,1.153931,0.837622,6.2322,0.1262
293,-100,-120.0,40,3.5,12.0,-76.49,17.0199,-100,77.93,26.49,1.185037,0.724615,3.4903,0.1524
294,-100,-120.0,40,3.5,12.5,-76.63,17.0208,-100,77.54,26.95,1.11801,0.684461,3.6778,0.1724
295,-100,-120.0,40,3.5,13.0,-76.49,17.1054,-100,77.66,26.8,1.156685,0.702455,3.4184,0.1732
296,-100,-120.0,40,3.5,13.5,-77.05,17.5999,-100,77.44,27.07,1.17891,0.785764,5.5646,0.1389
299,-100,-120.0,40,3.75,1.5,-76.49,15.2445,-100,76.01,28.79,1.0109,0.651634,3.5365,0.1572
298,-100,-120.0,40,3.75,1.0,-76.84,14.1854,-98,77.67,26.79,1.127053,0.717694,4.0714,0.1438
297,-100,-120.0,40,3.5,14.0,-76.22,18.0177,-100,76.74,27.91,1.116795,0.69605,3.6958,0.1662
300,-100,-120.0,40,3.75,2.0,-76.27,13.9548,-100,77.91,26.51,1.143609,0.687266,3.2424,0.1601
301,-100,-120.0,40,3.75,2.5,-76.78,14.5939,-100,77.3,27.25,1.12643,0.69909,3.4731,0.1727
302,-100,-120.0,40,3.75,3.0,-76.32,13.986,-100,77.95,26.47,1.157984,0.725866,3.399,0.1405
303,-100,-120.0,40,3.75,3.5,-76.61,14.8342,-100,77.27,27.29,1.107421,0.662667,2.4782,0.1808
304,-100,-120.0,40,3.75,4.0,-76.51,14.3816,-100,77.79,26.65,1.128834,0.70463,3.9214,0.1637
305,-100,-120.0,40,3.75,4.5,-76.19,15.6317,-100,77.35,27.18,1.118738,0.687495,3.3472,0.1773
306,-100,-120.0,40,3.75,5.0,-76.02,14.9894,-100,77.46,27.05,1.091559,0.688437,3.7251,0.146
307,-100,-120.0,40,3.75,5.5,-76.69,15.1179,-100,77.91,26.51,1.122038,0.705704,3.7367,0.1716
308,-100,-120.0,40,3.75,6.0,-75.36,14.9693,-100,76.71,27.95,1.055123,0.651416,3.0884,0.1945
310,-100,-120.0,40,3.75,7.0,-76.3,15.5715,-100,77.29,27.25,1.068773,0.643104,2.2903,0.1849
309,-100,-120.0,40,3.75,6.5,-76.5,15.7267,-100,77.88,26.55,1.19133,0.74157,4.4327,0.1676
311,-100,-120.0,40,3.75,7.5,-76.01,15.8111,-100,76.5,28.2,1.029183,0.6518,3.3682,0.1778
312,-100,-120.0,40,3.75,8.0,-76.31,15.9028,-100,76.15,28.63,1.067378,0.666885,3.5739,0.1794
313,-100,-120.0,40,3.75,8.5,-75.62,16.8313,-100,77.44,27.08,1.095619,0.690923,3.8592,0.1717
315,-100,-120.0,40,3.75,9.5,-76.25,17.0212,-100,77.8,26.63,1.150103,0.687532,2.5448,0.1873
314,-100,-120.0,40,3.75,9.0,-75.73,16.5671,-100,76.3,28.43,1.024356,0.689158,4.467,0.1208
316,-100,-120.0,40,3.75,10.0,-76.11,16.6834,-100,77.72,26.73,1.163326,0.768039,4.839,0.1534
317,-100,-120.0,40,3.75,10.5,-75.9,16.1975,-100,76.59,28.1,1.089894,0.712416,4.4582,0.1542
318,-100,-120.0,40,3.75,11.0,-75.19,16.8987,-100,77.17,27.41,1.066458,0.689551,3.8387,0.1494
319,-100,-120.0,40,3.75,11.5,-75.48,17.3045,-100,77.3,27.23,1.101778,0.70236,3.8556,0.1684
320,-100,-120.0,40,3.75,12.0,-75.72,17.383,-100,77.26,27.28,1.091209,0.673433,3.0348,0.1829
321,-100,-120.0,40,3.75,12.5,-75.19,17.5782,-100,76.83,27.8,1.094383,0.692531,3.4857,0.1749
322,-100,-120.0,40,3.75,13.0,-75.23,18.0015,-100,78.21,26.15,1.183777,0.698615,2.8198,0.1682
323,-100,-120.0,40,3.75,13.5,-74.94,18.0883,-100,78.02,26.37,1.153469,0.671176,2.5337,0.1737
324,-100,-120.0,40,3.75,14.0,-75.18,18.6071,-100,77.55,26.94,1.156758,0.75937,4.5702,0.1448
325,-100,-120.0,40,4.0,1.0,-75.1,15.2965,-100,76.48,28.22,1.044542,0.661373,3.3206,0.1765
326,-100,-120.0,40,4.0,1.5,-74.65,15.5131,-98,77.93,26.49,1.133557,0.691548,2.8369,0.1657
327,-100,-120.0,40,4.0,2.0,-74.95,15.102,-100,77.12,27.47,1.066746,0.661827,3.3311,0.172
328,-100,-120.0,40,4.0,2.5,-75.11,15.6517,-100,76.46,28.25,1.055926,0.698177,4.2732,0.1398
329,-100,-120.0,40,4.0,3.0,-74.78,15.6137,-100,77.17,27.4,1.134753,0.792417,6.1689,0.1446
330,-100,-120.0,40,4.0,3.5,-74.67,16.7864,-100,76.06,28.73,1.074729,0.725208,5.0584,0.1256
331,-100,-120.0,40,4.0,4.0,-74.23,16.5941,-100,77.63,26.85,1.134477,0.762811,5.0147,0.1217
332,-100,-120.0,40,4.0,4.5,-74.28,15.6024,-100,76.52,28.17,1.022377,0.64851,2.9626,0.1699
333,-100,-120.0,40,4.0,5.0,-74.83,15.5688,-100,76.85,27.78,1.090019,0.665842,2.9158,0.1717
336,-100,-120.0,40,4.0,6.5,-75.03,16.1807,-100,76.37,28.36,1.028023,0.649468,3.3778,0.172
335,-100,-120.0,40,4.0,6.0,-74.44,16.209,-100,76.82,27.81,1.063274,0.689448,4.0762,0.1797
334,-100,-120.0,40,4.0,5.5,-75.42,15.4098,-100,77.49,27.01,1.141184,0.772363,5.4921,0.1423
337,-100,-120.0,40,4.0,7.0,-74.75,16.4908,-100,77.96,26.45,1.170183,0.662007,1.8684,0.1925
338,-100,-120.0,40,4.0,7.5,-74.67,16.6978,-100,77.84,26.59,1.16784,0.700533,3.5245,0.174
339,-100,-120.0,40,4.0,8.0,-74.58,17.4431,-100,76.7,27.97,1.083628,0.681313,3.546,0.1694
340,-100,-120.0,40,4.0,8.5,-74.82,17.1515,-100,76.01,28.79,1.015436,0.651623,3.6148,0.1804
341,-100,-120.0,40,4.0,9.0,-74.92,17.1974,-100,77.56,26.93,1.139023,0.729147,4.4676,0.1321
342,-100,-120.0,40,4.0,9.5,-74.06,17.6446,-100,77.87,26.56,1.150927,0.741048,4.5894,0.1551
343,-100,-120.0,40,4.0,10.0,-74.08,17.7667,-100,75.7,29.16,1.026526,0.631493,3.1487,0.1931
344,-100,-120.0,40,4.0,10.5,-74.03,17.9927,-100,77.36,27.16,1.135893,0.723668,3.8973,0.1577
345,-100,-120.0,40,4.0,11.0,-74.2,17.4513,-100,78.43,25.89,1.223361,0.74035,3.6667,0.1534
346,-100,-120.0,40,4.0,11.5,-74.5,18.0713,-100,77.33,27.21,1.1456,0.699235,3.5705,0.1629
348,-100,-120.0,40,4.0,12.5,-74.31,17.9756,-100,77.42,27.08,1.084522,0.692424,4.1829,0.1645
347,-100,-120.0,40,4.0,12.0,-74.18,18.5309,-100,77.24,27.31,1.144576,0.693157,3.6513,0.1678
349,-100,-120.0,40,4.0,13.0,-73.86,18.522,-100,78.35,25.99,1.218124,0.898978,6.2154,0.0975
350,-100,-120.0,40,4.0,13.5,-74.19,18.8639,-100,77.57,26.92,1.152481,0.725109,3.8698,0.1601
351,-100,-120.0,40,4.0,14.0,-73.77,19.128,-100,76.99,27.62,1.105031,0.680122,3.6682,0.1741
352,-100,-120.0,40,4.25,1.0,-73.44,16.6536,-100,77.68,26.79,1.12215,0.717957,4.0715,0.1534
353,-100,-120.0,40,4.25,1.5,-73.7,16.1164,-100,77.3,27.23,1.128153,0.745372,4.7286,0.1588
354,-100,-120.0,40,4.25,2.0,-73.44,16.6097,-100,77.18,27.39,1.073762,0.673431,3.6438,0.16
355,-100,-120.0,40,4.25,2.5,-72.9,17.2818,-100,77.54,26.95,1.135172,0.764748,4.7167,0.1262
356,-100,-120.0,40,4.25,3.0,-73.57,16.2804,-100,77.26,27.29,1.142445,0.667594,2.4489,0.1951
357,-100,-120.0,40,4.25,3.5,-73.16,16.1567,-100,76.59,28.09,1.091906,0.678823,3.4017,0.1647
358,-100,-120.0,40,4.25,4.0,-73.69,16.5846,-100,77.08,27.5,1.059982,0.648072,2.361,0.2008
359,-100,-120.0,40,4.25,4.5,-73.39,16.7032,-100,75.69,29.19,0.997232,0.611364,2.1831,0.1917
360,-100,-120.0,40,4.25,5.0,-73.0,16.9237,-100,77.72,26.74,1.113035,0.6883,3.5336,0.1494
361,-100,-120.0,40,4.25,5.5,-73.72,16.7219,-100,77.19,27.38,1.122066,0.684697,3.3612,0.178
363,-100,-120.0,40,4.25,6.5,-72.85,16.5072,-100,76.86,27.77,1.102979,0.802647,5.9282,0.1122
362,-100,-120.0,40,4.25,6.0,-73.43,16.72,-100,77.28,27.27,1.107579,0.679541,3.5596,0.1784
364,-100,-120.0,40,4.25,7.0,-73.02,17.3299,-100,77.25,27.3,1.042241,0.647108,3.2124,0.1812
365,-100,-120.0,40,4.25,7.5,-72.61,17.1308,-100,77.67,26.81,1.104147,0.713992,4.6462,0.1591
366,-100,-120.0,40,4.25,8.0,-72.71,17.9678,-100,77.25,27.3,1.121198,0.702445,3.3264,0.1687
367,-100,-120.0,40,4.25,8.5,-72.88,17.9316,-100,76.83,27.8,1.095964,0.670301,2.785,0.191
369,-100,-120.0,40,4.25,9.5,-72.73,18.9565,-100,77.35,27.18,1.131995,0.795443,5.4455,0.1263
368,-100,-120.0,40,4.25,9.0,-72.82,17.9555,-100,77.25,27.3,1.038795,0.644445,3.309,0.1682
370,-100,-120.0,40,4.25,10.0,-72.9,18.0312,-100,76.64,28.04,1.097462,0.711405,4.4194,0.1685
371,-100,-120.0,40,4.25,10.5,-73.21,18.623,-100,77.21,27.34,1.111734,0.691287,3.2704,0.1485
372,-100,-120.0,40,4.25,11.0,-72.58,18.8413,-100,77.5,27.0,1.125515,0.671449,2.6153,0.1836
373,-100,-120.0,40,4.25,11.5,-72.74,18.7171,-100,77.63,26.84,1.108624,0.658953,2.317,0.1968
374,-100,-120.0,40,4.25,12.0,-72.47,19.2775,-100,77.57,26.92,1.098551,0.67154,2.8992,0.1756
375,-100,-120.0,40,4.25,12.5,-71.95,19.685,-100,76.7,27.96,1.101658,0.72203,4.2558,0.135
376,-100,-120.0,40,4.25,13.0,-72.46,19.6224,-100,77.39,27.14,1.082123,0.683553,3.9256,0.1534
377,-100,-120.0,40,4.25,13.5,-72.86,19.7307,-100,77.26,27.29,1.084921,0.655363,2.417,0.1939
378,-100,-120.0,40,4.25,14.0,-72.45,20.2801,-100,77.28,27.28,1.080067,0.699508,3.783,0.1501
379,-100,-120.0,40,4.5,1.0,-71.42,16.8161,-95,76.74,27.91,1.003584,0.612538,2.6883,0.1911
380,-100,-120.0,40,4.5,1.5,-71.41,17.7224,-99,77.03,27.56,1.163046,0.795591,5.6287,0.1501
381,-100,-120.0,40,4.5,2.0,-72.23,17.3631,-99,77.3,27.24,1.082249,0.71736,4.1746,0.1574
382,-100,-120.0,40,4.5,2.5,-71.18,17.4457,-100,77.01,27.58,1.112196,0.756338,5.4187,0.1149
383,-100,-120.0,40,4.5,3.0,-71.65,17.3075,-100,76.72,27.94,1.041436,0.646568,2.9753,0.1657
384,-100,-120.0,40,4.5,3.5,-71.81,18.1036,-100,77.32,27.22,1.119808,0.678208,3.1352,0.1668
385,-100,-120.0,40,4.5,4.0,-71.81,17.5746,-100,77.29,27.25,1.097736,0.701009,3.7033,0.1717
386,-100,-120.0,40,4.5,4.5,-71.99,17.709,-100,76.82,27.81,1.06097,0.643522,3.0998,0.1652
387,-100,-120.0,40,4.5,5.0,-71.94,17.841,-100,76.21,28.55,1.038392,0.652764,3.3011,0.1849
388,-100,-120.0,40,4.5,5.5,-71.76,17.3277,-100,76.55,28.13,1.077007,0.657395,3.0359,0.1905
390,-100,-120.0,40,4.5,6.5,-72.05,17.6495,-100,77.24,27.31,1.083151,0.713803,4.0857,0.1497
389,-100,-120.0,40,4.5,6.0,-71.36,17.6687,-100,77.26,27.29,1.06659,0.702711,4.3464,0.1511
391,-100,-120.0,40,4.5,7.0,-71.78,17.8383,-100,77.62,26.86,1.101758,0.681229,3.3256,0.1495
392,-100,-120.0,40,4.5,7.5,-71.75,18.9288,-100,76.52,28.18,1.050177,0.645642,2.9019,0.1829
393,-100,-120.0,40,4.5,8.0,-71.43,18.6349,-100,76.63,28.04,1.116919,0.718618,4.3561,0.1395
395,-100,-120.0,40,4.5,9.0,-71.77,18.8468,-100,77.18,27.39,1.066829,0.635182,2.4829,0.1829
394,-100,-120.0,40,4.5,8.5,-71.43,18.2794,-100,77.09,27.49,1.068241,0.659913,2.4147,0.1904
396,-100,-120.0,40,4.5,9.5,-71.25,18.869,-100,77.49,27.01,1.13909,0.684303,3.0114,0.1712
397,-100,-120.0,40,4.5,10.0,-71.97,19.1977,-100,77.22,27.33,1.075646,0.676739,3.2108,0.1802
398,-100,-120.0,40,4.5,10.5,-70.87,19.874,-100,77.02,27.57,1.045295,0.701682,4.3955,0.1366
399,-100,-120.0,40,4.5,11.0,-71.19,19.6274,-100,78.03,26.37,1.176562,0.767654,4.7268,0.1486
401,-100,-120.0,40,4.5,12.0,-70.73,20.5088,-100,77.22,27.34,1.083655,0.779027,5.471,0.1224
400,-100,-120.0,40,4.5,11.5,-71.22,19.544,-100,77.67,26.81,1.134396,0.708189,3.9149,0.1486
402,-100,-120.0,40,4.5,12.5,-70.74,20.6036,-100,77.98,26.42,1.163519,0.721652,3.8567,0.1687
404,-100,-120.0,40,4.5,13.5,-70.95,20.4824,-100,76.26,28.49,1.016636,0.680311,4.2136,0.1496
403,-100,-120.0,40,4.5,13.0,-70.86,20.6209,-100,77.23,27.32,1.111478,0.685093,3.2147,0.1897
405,-100,-120.0,40,4.5,14.0,-71.05,20.048,-100,77.67,26.8,1.168157,0.709537,3.403,0.155
406,-100,-120.0,40,4.75,1.0,-70.38,17.831,-97,76.35,28.37,1.003949,0.655632,4.2307,0.1525
407,-100,-120.0,40,4.75,1.5,-70.27,17.934,-99,77.37,27.15,1.089743,0.702454,4.1546,0.1527
408,-100,-120.0,40,4.75,2.0,-70.32,17.9855,-99,76.64,28.04,1.029142,0.649609,3.1325,0.1802
409,-100,-120.0,40,4.75,2.5,-70.34,17.9995,-100,76.46,28.25,1.021685,0.655669,3.7006,0.1789
410,-100,-120.0,40,4.75,3.0,-70.18,18.5993,-100,77.09,27.51,1.04877,0.674298,3.5209,0.1678
411,-100,-120.0,40,4.75,3.5,-70.14,17.8183,-100,77.09,27.5,1.047288,0.657133,3.1698,0.1685
413,-100,-120.0,40,4.75,4.5,-70.56,18.9668,-100,75.9,28.93,0.963816,0.661366,4.4612,0.1399
412,-100,-120.0,40,4.75,4.0,-70.22,18.4542,-100,77.15,27.41,1.062832,0.669219,3.4148,0.1502
414,-100,-120.0,40,4.75,5.0,-70.51,19.1507,-100,76.28,28.47,1.049155,0.653343,2.9919,0.1764
415,-100,-120.0,40,4.75,5.5,-69.72,17.8628,-100,75.08,29.9,0.980303,0.639445,4.1126,0.167
416,-100,-120.0,40,4.75,6.0,-70.28,18.1132,-100,77.72,26.74,1.096853,0.685875,3.8191,0.1375
417,-100,-120.0,40,4.75,6.5,-70.41,19.0067,-100,77.05,27.54,1.066335,0.657295,2.8839,0.1734
418,-100,-120.0,40,4.75,7.0,-70.07,19.665,-100,76.1,28.67,1.004338,0.656243,3.4205,0.1631
420,-100,-120.0,40,4.75,8.0,-70.4,19.9287,-100,76.75,27.89,1.066686,0.63144,2.5049,0.1859
419,-100,-120.0,40,4.75,7.5,-70.37,19.7073,-100,77.23,27.33,1.104735,0.685225,3.7777,0.175
421,-100,-120.0,40,4.75,8.5,-70.24,19.6328,-100,76.59,28.09,1.037949,0.708617,4.5109,0.1693
422,-100,-120.0,40,4.75,9.0,-70.42,19.7797,-100,76.95,27.67,1.043555,0.655384,3.3876,0.1579
423,-100,-120.0,40,4.75,9.5,-70.32,20.1081,-100,76.97,27.63,1.149007,0.765077,4.9739,0.1416
425,-100,-120.0,40,4.75,10.5,-69.91,20.0134,-100,76.89,27.73,1.063745,0.702499,4.6316,0.1491
426,-100,-120.0,40,4.75,11.0,-69.31,20.1528,-100,76.63,28.05,1.055846,0.739964,5.3675,0.1484
424,-100,-120.0,40,4.75,10.0,-69.9,20.4541,-100,77.26,27.29,1.094616,0.675415,3.2994,0.1691
427,-100,-120.0,40,4.75,11.5,-69.47,20.4373,-100,77.37,27.16,1.144013,0.719014,3.7815,0.1378
429,-100,-120.0,40,4.75,12.5,-69.69,20.4151,-100,76.88,27.75,1.100339,0.681214,3.564,0.1815
428,-100,-120.0,40,4.75,12.0,-69.93,20.5966,-100,76.95,27.66,1.082254,0.654573,3.1218,0.1691
430,-100,-120.0,40,4.75,13.0,-69.91,21.5481,-100,77.32,27.21,1.101404,0.712248,3.9851,0.1594
431,-100,-120.0,40,4.75,13.5,-69.3,21.2983,-100,76.56,28.13,1.070989,0.66045,2.623,0.1864
432,-100,-120.0,40,4.75,14.0,-69.44,21.1864,-100,76.98,27.62,1.072778,0.683324,3.5329,0.1505
433,-100,-120.0,40,5.0,1.0,-68.57,19.9354,-97,75.45,29.46,0.978221,0.652078,4.0381,0.1798
434,-100,-120.0,40,5.0,1.5,-69.18,20.262,-99,77.21,27.36,1.119034,0.730877,4.7167,0.1547
435,-100,-120.0,40,5.0,2.0,-69.07,19.1236,-100,76.64,28.03,1.078559,0.695569,3.6009,0.1497
437,-100,-120.0,40,5.0,3.0,-68.64,19.2414,-100,77.22,27.35,1.071705,0.65143,2.6885,0.163
436,-100,-120.0,40,5.0,2.5,-68.85,18.9442,-100,76.88,27.74,1.048258,0.657939,3.1983,0.1598
438,-100,-120.0,40,5.0,3.5,-68.91,19.2119,-100,76.62,28.06,1.014041,0.645404,3.2796,0.1761
439,-100,-120.0,40,5.0,4.0,-68.7,19.6415,-100,76.8,27.85,1.020068,0.62088,2.31,0.1991
440,-100,-120.0,40,5.0,4.5,-68.84,19.2785,-100,77.03,27.56,1.09069,0.691252,4.0767,0.1643
442,-100,-120.0,40,5.0,5.5,-68.86,20.3077,-100,76.99,27.61,1.021918,0.74266,5.3302,0.1161
441,-100,-120.0,40,5.0,5.0,-68.53,19.7774,-100,76.76,27.89,0.998957,0.638924,3.6725,0.1574
443,-100,-120.0,40,5.0,6.0,-68.81,19.2937,-100,76.47,28.24,1.047345,0.651459,3.2866,0.1868
444,-100,-120.0,40,5.0,6.5,-68.47,19.528,-100,77.5,27.0,1.136229,0.753156,5.1261,0.1378
445,-100,-120.0,40,5.0,7.0,-68.18,20.4405,-100,77.8,26.64,1.104779,0.651913,3.1863,0.1676
446,-100,-120.0,40,5.0,7.5,-68.92,20.638,-100,76.65,28.01,1.156467,0.873959,7.5212,0.1324
448,-100,-120.0,40,5.0,8.5,-68.39,20.2744,-100,77.14,27.43,1.051388,0.655691,3.2512,0.1826
447,-100,-120.0,40,5.0,8.0,-68.57,20.6861,-100,76.85,27.77,1.077141,0.692039,4.1217,0.1661
450,-100,-120.0,40,5.0,9.5,-68.34,20.8376,-100,77.08,27.51,1.095396,0.686168,3.5724,0.1823
449,-100,-120.0,40,5.0,9.0,-68.53,20.7067,-100,77.0,27.61,1.054603,0.634278,2.1976,0.1852
451,-100,-120.0,40,5.0,10.0,-68.44,21.207,-100,77.16,27.41,1.062587,0.654145,3.3767,0.1883
453,-100,-120.0,40,5.0,11.0,-68.15,20.9815,-100,76.78,27.87,1.009757,0.69763,5.0354,0.1381
452,-100,-120.0,40,5.0,10.5,-68.39,21.3681,-100,77.8,26.65,1.12286,0.720076,4.0534,0.1508
454,-100,-120.0,40,5.0,11.5,-68.12,20.7142,-100,77.15,27.41,1.090971,0.691191,3.3613,0.1734
455,-100,-120.0,40,5.0,12.0,-68.11,21.3432,-100,77.74,26.71,1.129884,0.747589,4.7806,0.1421
456,-100,-120.0,40,5.0,12.5,-68.04,21.6134,-100,77.71,26.75,1.121926,0.685736,3.0011,0.1633
457,-100,-120.0,40,5.0,13.0,-67.65,22.4955,-100,77.26,27.29,1.136509,0.721938,4.1356,0.1388
460,-100,-115.0,40,1.0,1.0,-93.9,3.8528,-100,77.15,27.42,1.047953,0.641811,5.8126,0.1382
458,-100,-120.0,40,5.0,13.5,-68.06,22.562,-100,77.48,27.03,1.163032,0.791326,5.2178,0.1532
462,-100,-115.0,40,1.0,2.0,-92.89,4.4864,-100,77.35,27.18,1.08507,0.654193,5.7492,0.1455
459,-100,-120.0,40,5.0,14.0,-68.31,21.9554,-100,76.86,27.76,1.061623,0.662485,3.385,0.1741
461,-100,-115.0,40,1.0,1.5,-93.23,4.3734,-100,77.77,26.68,1.084563,0.624884,3.6027,0.1749
463,-100,-115.0,40,1.0,2.5,-92.99,4.8288,-100,76.81,27.83,1.028371,0.59638,4.4879,0.1292
464,-100,-115.0,40,1.0,3.0,-92.98,4.7719,-100,76.27,28.48,1.040747,0.623494,4.5083,0.1764
467,-100,-115.0,40,1.0,4.5,-93.16,5.1656,-100,74.92,30.1,1.024478,0.674115,5.974,0.1427
465,-100,-115.0,40,1.0,3.5,-92.92,4.5629,-100,76.3,28.43,1.060274,0.602008,2.8498,0.1809
466,-100,-115.0,40,1.0,4.0,-92.62,5.1901,-100,77.7,26.76,1.133118,0.672039,4.3641,0.1707
468,-100,-115.0,40,1.0,5.0,-92.3,5.6933,-100,77.28,27.26,1.083516,0.629192,3.2783,0.1565
469,-100,-115.0,40,1.0,5.5,-92.81,5.7781,-100,76.0,28.8,1.032992,0.629489,3.4227,0.1923
470,-100,-115.0,40,1.0,6.0,-91.81,6.2832,-100,78.49,25.81,1.203077,0.728405,4.8315,0.1389
471,-100,-115.0,40,1.0,6.5,-91.87,6.8032,-100,76.8,27.83,1.127164,0.687675,5.0005,0.1686
472,-100,-115.0,40,1.0,7.0,-91.76,7.0069,-100,78.44,25.87,1.109297,0.674877,4.6349,0.1409
473,-100,-115.0,40,1.0,7.5,-91.72,7.1451,-100,77.52,26.97,1.144938,0.744139,5.0638,0.1271
474,-100,-115.0,40,1.0,8.0,-91.98,7.1806,-100,78.23,26.12,1.205213,0.694668,3.1113,0.1533
475,-100,-115.0,40,1.0,8.5,-91.72,7.5121,-100,77.4,27.11,1.122674,0.662291,3.5555,0.1765
477,-100,-115.0,40,1.0,9.5,-91.25,8.1043,-100,75.67,29.2,1.035127,0.626565,4.0556,0.1681
476,-100,-115.0,40,1.0,9.0,-91.31,7.9385,-100,78.32,26.02,1.205583,0.745487,4.8874,0.1446
478,-100,-115.0,40,1.0,10.0,-91.08,8.5282,-100,77.41,27.11,1.132837,0.640317,3.0194,0.1711
479,-100,-115.0,40,1.0,10.5,-90.9,8.7601,-100,78.89,25.34,1.242879,0.700353,3.6893,0.1484
480,-100,-115.0,40,1.0,11.0,-90.42,9.258,-100,78.75,25.51,1.298773,0.709857,3.0893,0.1665
481,-100,-115.0,40,1.0,11.5,-90.37,9.5549,-100,78.29,26.04,1.209493,0.746851,4.741,0.1415
482,-100,-115.0,40,1.0,12.0,-90.15,9.6724,-100,75.56,29.33,1.038703,0.656659,4.9165,0.1516
483,-100,-115.0,40,1.0,12.5,-89.83,10.1064,-100,76.91,27.71,1.148088,0.698873,4.4567,0.1486
484,-100,-115.0,40,1.0,13.0,-89.98,10.211,-100,77.76,26.69,1.180435,0.672811,3.5774,0.1557
485,-100,-115.0,40,1.0,13.5,-89.72,10.5239,-100,77.62,26.86,1.175562,0.714741,4.2792,0.1397
486,-100,-115.0,40,1.0,14.0,-89.37,10.7743,-100,77.74,26.71,1.243305,0.758666,5.0048,0.1292
487,-100,-115.0,40,1.25,1.0,-91.0,4.7671,-100,75.63,29.24,1.007658,0.617713,4.6437,0.132
488,-100,-115.0,40,1.25,1.5,-91.68,5.863,-100,76.65,28.02,1.041127,0.628239,5.1985,0.1495
489,-100,-115.0,40,1.25,2.0,-91.77,4.8526,-100,77.19,27.37,1.117453,0.668265,3.4152,0.1707
490,-100,-115.0,40,1.25,2.5,-91.77,5.8,-100,77.31,27.22,1.090476,0.638669,4.1026,0.1569
491,-100,-115.0,40,1.25,3.0,-91.69,5.1022,-100,78.02,26.37,1.160119,0.659438,3.3187,0.1622
492,-100,-115.0,40,1.25,3.5,-91.6,5.7531,-100,77.99,26.41,1.161449,0.778165,6.1522,0.111
493,-100,-115.0,40,1.25,4.0,-92.14,5.8178,-100,76.0,28.81,1.066033,0.655991,4.4111,0.1748
494,-100,-115.0,40,1.25,4.5,-91.39,6.4484,-100,77.71,26.75,1.152877,0.673471,3.6641,0.1612
496,-100,-115.0,40,1.25,5.5,-90.74,6.5159,-100,74.71,30.34,0.960378,0.588919,3.7622,0.1514
495,-100,-115.0,40,1.25,5.0,-91.1,6.4562,-100,78.02,26.38,1.170309,0.733653,5.6297,0.1443
498,-100,-115.0,40,1.25,6.5,-90.57,7.0753,-100,77.16,27.4,1.191814,0.777402,6.0683,0.1369
497,-100,-115.0,40,1.25,6.0,-91.02,7.1108,-100,78.8,25.44,1.234823,0.756179,4.7443,0.1307
499,-100,-115.0,40,1.25,7.0,-90.3,7.5367,-100,77.68,26.79,1.165751,0.688234,3.6646,0.166
501,-100,-115.0,40,1.25,8.0,-90.34,8.0409,-100,76.54,28.16,1.132035,0.784501,6.3846,0.1501
500,-100,-115.0,40,1.25,7.5,-90.56,7.8129,-100,76.33,28.41,1.043042,0.626513,3.919,0.168
502,-100,-115.0,40,1.25,8.5,-90.74,8.1094,-100,78.03,26.36,1.166355,0.687278,3.7632,0.1563
503,-100,-115.0,40,1.25,9.0,-89.93,8.4852,-100,77.73,26.71,1.14274,0.655379,2.938,0.1849
504,-100,-115.0,40,1.25,9.5,-89.86,8.8257,-100,78.58,25.71,1.243775,0.715525,3.7551,0.144
505,-100,-115.0,40,1.25,10.0,-89.74,9.1554,-100,76.82,27.82,1.102028,0.640673,2.7816,0.1661
507,-100,-115.0,40,1.25,11.0,-89.72,9.652,-100,77.18,27.38,1.146564,0.705669,4.0872,0.1526
508,-100,-115.0,40,1.25,11.5,-89.59,9.9267,-100,78.83,25.4,1.224984,0.742692,4.0798,0.1367
509,-100,-115.0,40,1.25,12.0,-88.8,10.29,-100,77.18,27.38,1.126054,0.685389,4.1047,0.1495
506,-100,-115.0,40,1.25,10.5,-89.61,9.3282,-100,78.17,26.2,1.191782,0.701419,3.7059,0.1596
510,-100,-115.0,40,1.25,12.5,-89.17,10.463,-100,77.09,27.49,1.173608,0.766266,5.3682,0.1493
513,-100,-115.0,40,1.25,14.0,-88.17,11.3548,-100,77.16,27.4,1.156959,0.72011,4.3368,0.1485
511,-100,-115.0,40,1.25,13.0,-88.55,10.7979,-100,77.47,27.04,1.210875,0.711617,4.0764,0.1608
512,-100,-115.0,40,1.25,13.5,-88.32,11.1081,-100,78.25,26.1,1.258272,0.732468,3.2577,0.1337
514,-100,-115.0,40,1.5,1.0,-90.68,5.4865,-100,77.1,27.47,1.089821,0.641084,4.2636,0.1607
515,-100,-115.0,40,1.5,1.5,-90.19,5.9137,-100,77.26,27.28,1.122806,0.661121,3.3489,0.1685
516,-100,-115.0,40,1.5,2.0,-89.78,6.18,-100,77.36,27.17,1.131526,0.664931,3.8016,0.1742
517,-100,-115.0,40,1.5,2.5,-89.69,6.2649,-100,76.32,28.42,1.016685,0.614369,4.4201,0.1466
519,-100,-115.0,40,1.5,3.5,-90.05,6.3905,-100,77.94,26.47,1.18747,0.773513,5.6525,0.1513
518,-100,-115.0,40,1.5,3.0,-90.25,6.1334,-100,78.59,25.69,1.195999,0.663973,2.8996,0.1631
522,-100,-115.0,40,1.5,5.0,-89.53,7.2332,-100,76.85,27.77,1.180263,0.762574,5.586,0.1298
521,-100,-115.0,40,1.5,4.5,-89.81,6.8974,-100,79.1,25.08,1.208141,0.713017,4.7781,0.132
520,-100,-115.0,40,1.5,4.0,-89.98,6.4981,-100,76.76,27.89,1.063299,0.610836,2.9733,0.1954
525,-100,-115.0,40,1.5,6.5,-89.25,7.8701,-100,76.88,27.74,1.066318,0.66013,3.7565,0.1722
523,-100,-115.0,40,1.5,5.5,-89.85,7.3854,-100,77.76,26.69,1.233461,0.698679,3.2467,0.1732
524,-100,-115.0,40,1.5,6.0,-89.6,7.7513,-100,78.09,26.29,1.169979,0.665358,2.9661,0.1767
526,-100,-115.0,40,1.5,7.0,-89.42,8.1887,-100,76.93,27.7,1.134852,0.687824,4.2779,0.158
527,-100,-115.0,40,1.5,7.5,-88.66,8.4573,-100,77.67,26.8,1.209524,0.731348,4.6464,0.163
528,-100,-115.0,40,1.5,8.0,-89.1,8.7037,-100,76.85,27.79,1.13146,0.657911,3.134,0.1669
529,-100,-115.0,40,1.5,8.5,-89.19,8.8478,-100,77.72,26.74,1.184284,0.661625,2.7133,0.1707
530,-100,-115.0,40,1.5,9.0,-88.81,9.4141,-100,77.68,26.8,1.138224,0.65212,2.5794,0.1758
534,-100,-115.0,40,1.5,11.0,-87.98,10.4129,-100,75.78,29.07,1.090294,0.657241,3.3626,0.1836
531,-100,-115.0,40,1.5,9.5,-88.59,9.6142,-100,78.11,26.27,1.226194,0.69145,2.5804,0.1737
532,-100,-115.0,40,1.5,10.0,-88.2,9.6956,-100,77.32,27.22,1.177706,0.670994,2.8575,0.1869
533,-100,-115.0,40,1.5,10.5,-88.22,9.8805,-100,77.28,27.27,1.196627,0.669493,2.9654,0.1837
535,-100,-115.0,40,1.5,11.5,-88.43,10.4151,-100,75.62,29.26,1.05465,0.604539,2.5714,0.1963
536,-100,-115.0,40,1.5,12.0,-87.77,10.8958,-100,77.78,26.66,1.161778,0.694575,3.4498,0.1746
537,-100,-115.0,40,1.5,12.5,-87.37,11.1807,-100,78.4,25.92,1.209938,0.705016,3.4947,0.1509
538,-100,-115.0,40,1.5,13.0,-88.01,11.2372,-100,76.06,28.73,1.09802,0.706855,4.8489,0.1699
539,-100,-115.0,40,1.5,13.5,-87.23,11.8322,-100,77.4,27.11,1.139879,0.683016,3.634,0.1582
540,-100,-115.0,40,1.5,14.0,-86.98,11.8508,-100,77.72,26.74,1.222711,0.713416,3.5822,0.1523
541,-100,-115.0,40,1.75,1.0,-88.32,6.6295,-100,78.12,26.25,1.174873,0.718714,4.1908,0.1377
542,-100,-115.0,40,1.75,1.5,-88.9,7.1176,-100,77.12,27.45,1.107746,0.770216,6.5942,0.1145
543,-100,-115.0,40,1.75,2.0,-89.05,6.8558,-100,75.4,29.52,1.031518,0.69554,5.8108,0.1482
544,-100,-115.0,40,1.75,2.5,-88.47,6.7175,-100,76.28,28.47,1.070789,0.633038,3.8023,0.1618
547,-100,-115.0,40,1.75,4.0,-88.75,7.5941,-100,77.04,27.55,1.131543,0.74617,5.134,0.1347
546,-100,-115.0,40,1.75,3.5,-88.64,7.8026,-100,76.87,27.77,1.089127,0.662519,4.1214,0.1584
545,-100,-115.0,40,1.75,3.0,-88.28,7.3668,-100,78.65,25.63,1.230283,0.694229,3.0318,0.1429
548,-100,-115.0,40,1.75,4.5,-88.64,7.8669,-100,77.46,27.05,1.133314,0.686676,4.5277,0.152
549,-100,-115.0,40,1.75,5.0,-88.61,8.205,-100,78.71,25.55,1.234805,0.797233,4.8599,0.1071
550,-100,-115.0,40,1.75,5.5,-88.03,7.9804,-100,78.32,26.01,1.230195,0.790831,5.0814,0.1407
551,-100,-115.0,40,1.75,6.0,-88.3,8.3229,-100,78.29,26.06,1.185928,0.716448,3.7456,0.1666
552,-100,-115.0,40,1.75,6.5,-88.23,8.6695,-100,78.66,25.62,1.241884,0.758182,4.5095,0.1397
553,-100,-115.0,40,1.75,7.0,-87.67,8.8674,-100,78.07,26.31,1.239399,0.779198,5.3041,0.1385
558,-100,-115.0,40,1.75,9.5,-87.25,10.1958,-100,76.28,28.48,1.133077,0.804424,6.7471,0.1496
554,-100,-115.0,40,1.75,7.5,-87.88,9.069,-100,78.54,25.76,1.237616,0.757158,4.7607,0.1253
555,-100,-115.0,40,1.75,8.0,-87.85,9.446,-100,78.11,26.27,1.165196,0.654501,2.4019,0.1591
556,-100,-115.0,40,1.75,8.5,-87.86,9.5896,-100,78.36,25.97,1.233984,0.719153,3.6298,0.1547
557,-100,-115.0,40,1.75,9.0,-87.51,9.8777,-100,78.81,25.44,1.262704,0.757413,4.3,0.1513
559,-100,-115.0,40,1.75,10.0,-87.17,10.3675,-100,77.81,26.62,1.191399,0.715547,3.7293,0.1748
561,-100,-115.0,40,1.75,11.0,-86.93,10.9803,-100,77.9,26.52,1.176211,0.664037,2.8028,0.1654
560,-100,-115.0,40,1.75,10.5,-87.13,10.7761,-100,78.47,25.84,1.265291,0.720333,3.0508,0.1672
562,-100,-115.0,40,1.75,11.5,-86.59,11.1402,-100,78.36,25.97,1.197794,0.692378,3.3846,0.1552
563,-100,-115.0,40,1.75,12.0,-86.76,11.5182,-100,76.74,27.91,1.11597,0.68884,3.5505,0.1712
564,-100,-115.0,40,1.75,12.5,-86.43,11.7573,-100,76.79,27.85,1.079896,0.644662,2.8945,0.1799
565,-100,-115.0,40,1.75,13.0,-86.31,12.2089,-100,78.8,25.45,1.296391,0.829072,5.8093,0.1235
567,-100,-115.0,40,1.75,14.0,-86.14,12.4483,-100,77.31,27.22,1.172686,0.675122,2.9223,0.1881
568,-100,-115.0,40,2.0,1.0,-87.44,7.6077,-100,77.36,27.16,1.154831,0.664411,3.8656,0.1435
566,-100,-115.0,40,1.75,13.5,-86.25,12.5467,-100,77.43,27.09,1.167158,0.68422,3.3918,0.1713
569,-100,-115.0,40,2.0,1.5,-87.44,8.086,-100,78.67,25.59,1.229781,0.703545,3.8407,0.1414
570,-100,-115.0,40,2.0,2.0,-87.18,7.6112,-100,77.56,26.92,1.134743,0.675685,2.6727,0.1606
571,-100,-115.0,40,2.0,2.5,-87.01,7.9232,-100,76.57,28.11,1.070479,0.638731,2.9628,0.1785
572,-100,-115.0,40,2.0,3.0,-87.65,8.1294,-100,78.35,25.99,1.201177,0.778603,5.0813,0.1142
573,-100,-115.0,40,2.0,3.5,-87.24,8.4557,-100,78.34,25.99,1.190706,0.706149,3.584,0.1561
574,-100,-115.0,40,2.0,4.0,-87.08,8.9376,-100,77.39,27.13,1.12458,0.73559,5.0542,0.1188
575,-100,-115.0,40,2.0,4.5,-86.79,8.5781,-100,78.05,26.34,1.176836,0.68263,2.9839,0.1663
576,-100,-115.0,40,2.0,5.0,-87.44,8.9102,-100,75.82,29.02,1.034632,0.642343,3.8256,0.173
577,-100,-115.0,40,2.0,5.5,-86.8,9.3167,-100,77.69,26.78,1.197838,0.738347,4.6463,0.143
578,-100,-115.0,40,2.0,6.0,-86.55,9.0426,-100,78.32,26.01,1.176609,0.673354,2.6752,0.1769
580,-100,-115.0,40,2.0,7.0,-86.75,9.3909,-100,76.7,27.96,1.067081,0.643687,3.3529,0.1615
579,-100,-115.0,40,2.0,6.5,-86.99,9.36,-100,77.95,26.47,1.209925,0.694544,3.4603,0.1513
583,-100,-115.0,40,2.0,8.5,-85.66,10.5518,-100,77.24,27.31,1.096605,0.664567,3.2958,0.1733
581,-100,-115.0,40,2.0,7.5,-86.38,9.9656,-100,78.09,26.29,1.183324,0.672246,2.8337,0.1787
584,-100,-115.0,40,2.0,9.0,-85.54,11.0886,-100,78.65,25.63,1.259172,0.793286,4.397,0.1493
585,-100,-115.0,40,2.0,9.5,-85.89,11.0049,-100,77.68,26.78,1.16057,0.678619,2.4512,0.1799
582,-100,-115.0,40,2.0,8.0,-86.34,10.0401,-100,78.36,25.97,1.22517,0.696733,2.756,0.1508
586,-100,-115.0,40,2.0,10.0,-85.3,11.399,-100,78.82,25.42,1.226749,0.703721,3.2952,0.161
587,-100,-115.0,40,2.0,10.5,-85.74,11.3932,-100,78.12,26.25,1.187793,0.688467,2.7132,0.1657
588,-100,-115.0,40,2.0,11.0,-85.79,11.5705,-100,78.2,26.17,1.227259,0.718184,3.5802,0.1611
589,-100,-115.0,40,2.0,11.5,-85.53,11.7846,-100,78.83,25.41,1.326562,0.784859,4.5283,0.1584
591,-100,-115.0,40,2.0,12.5,-85.4,12.344,-100,76.88,27.74,1.159904,0.685537,3.2591,0.1734
590,-100,-115.0,40,2.0,12.0,-85.39,12.4161,-100,77.91,26.51,1.18199,0.679296,2.7525,0.1824
592,-100,-115.0,40,2.0,13.0,-85.2,12.7493,-100,77.7,26.76,1.167209,0.673919,2.8499,0.1656
593,-100,-115.0,40,2.0,13.5,-85.11,12.904,-100,78.17,26.2,1.258557,0.733836,3.4963,0.1613
594,-100,-115.0,40,2.0,14.0,-84.61,13.2656,-100,78.42,25.9,1.275063,0.792483,5.0492,0.1418
597,-100,-115.0,40,2.25,2.0,-85.67,8.8227,-100,74.88,30.15,1.003099,0.692343,4.9986,0.1377
595,-100,-115.0,40,2.25,1.0,-85.52,8.718,-100,78.19,26.18,1.200928,0.689882,2.6702,0.1749
596,-100,-115.0,40,2.25,1.5,-85.61,9.3623,-100,77.77,26.68,1.166903,0.758017,5.1511,0.127
598,-100,-115.0,40,2.25,2.5,-85.82,9.0849,-100,77.32,27.22,1.137106,0.640478,2.845,0.1907
599,-100,-115.0,40,2.25,3.0,-85.35,9.3922,-100,76.69,27.97,1.094477,0.701663,4.1577,0.1563
600,-100,-115.0,40,2.25,3.5,-85.47,9.4223,-100,77.67,26.8,1.173213,0.683328,3.1708,0.1565
601,-100,-115.0,40,2.25,4.0,-85.73,8.5215,-100,78.28,26.06,1.195373,0.692655,3.5289,0.1534
603,-100,-115.0,40,2.25,5.0,-85.42,9.7064,-100,76.79,27.85,1.146429,0.733174,4.8792,0.1637
602,-100,-115.0,40,2.25,4.5,-86.13,9.58,-100,78.04,26.35,1.189394,0.693544,3.4325,0.1703
604,-100,-115.0,40,2.25,5.5,-85.61,9.8571,-100,77.45,27.07,1.119206,0.712328,4.4278,0.1497
605,-100,-115.0,40,2.25,6.0,-85.56,9.9237,-100,77.48,27.02,1.124462,0.70971,4.15,0.1414
606,-100,-115.0,40,2.25,6.5,-84.98,10.1647,-100,77.51,26.99,1.1506,0.706518,3.8538,0.157
607,-100,-115.0,40,2.25,7.0,-84.51,10.6973,-100,77.6,26.88,1.158201,0.701405,3.5802,0.1618
608,-100,-115.0,40,2.25,7.5,-85.18,10.6516,-100,77.6,26.87,1.143517,0.712861,4.2783,0.1598
609,-100,-115.0,40,2.25,8.0,-84.65,10.7639,-100,77.79,26.66,1.226323,0.857006,6.2373,0.1125
610,-100,-115.0,40,2.25,8.5,-84.86,11.2386,-100,78.35,25.98,1.267088,0.700971,2.792,0.169
611,-100,-115.0,40,2.25,9.0,-85.08,11.4428,-100,77.65,26.81,1.241484,0.717013,3.0598,0.1763
612,-100,-115.0,40,2.25,9.5,-84.71,11.8437,-100,78.1,26.29,1.228657,0.772393,5.1533,0.1527
614,-100,-115.0,40,2.25,10.5,-83.93,12.04,-100,76.15,28.63,1.089323,0.663054,3.3853,0.1739
613,-100,-115.0,40,2.25,10.0,-84.53,11.504,-100,76.96,27.65,1.114093,0.698423,4.163,0.1639
615,-100,-115.0,40,2.25,11.0,-84.69,12.3082,-100,78.17,26.2,1.230606,0.733043,3.974,0.1641
616,-100,-115.0,40,2.25,11.5,-84.11,12.8306,-100,78.29,26.05,1.17134,0.756872,4.7397,0.1494
618,-100,-115.0,40,2.25,12.5,-84.12,12.8988,-100,78.33,26.0,1.205651,0.733339,3.6651,0.1554
617,-100,-115.0,40,2.25,12.0,-83.96,12.7676,-100,77.98,26.42,1.18734,0.706378,3.7153,0.1522
619,-100,-115.0,40,2.25,13.0,-83.56,13.6927,-100,77.49,27.01,1.201245,0.71231,3.4537,0.1627
621,-100,-115.0,40,2.25,14.0,-83.51,13.7205,-100,77.38,27.15,1.186056,0.76414,4.7028,0.1586
620,-100,-115.0,40,2.25,13.5,-83.47,13.8646,-100,78.02,26.39,1.209268,0.732384,3.609,0.1345
622,-100,-115.0,40,2.5,1.0,-84.01,10.044,-100,76.49,28.2,1.034454,0.632075,2.9917,0.1807
623,-100,-115.0,40,2.5,1.5,-83.9,9.3963,-100,77.21,27.34,1.082583,0.706772,4.2743,0.1553
624,-100,-115.0,40,2.5,2.0,-84.45,10.012,-100,77.07,27.51,1.116308,0.730323,5.0618,0.1319
625,-100,-115.0,40,2.5,2.5,-84.38,10.219,-100,77.66,26.81,1.166964,0.69192,3.7317,0.1518
626,-100,-115.0,40,2.5,3.0,-84.14,9.524,-100,77.23,27.32,1.147974,0.803123,5.909,0.1303
627,-100,-115.0,40,2.5,3.5,-83.81,9.9737,-100,78.41,25.92,1.199805,0.695069,2.6961,0.1778
628,-100,-115.0,40,2.5,4.0,-84.55,9.8845,-100,78.18,26.18,1.202706,0.711229,3.3329,0.1648
629,-100,-115.0,40,2.5,4.5,-84.17,10.5574,-100,77.21,27.34,1.140929,0.707027,4.0743,0.173
630,-100,-115.0,40,2.5,5.0,-83.85,10.7521,-100,78.05,26.34,1.185415,0.745533,4.3555,0.1376
631,-100,-115.0,40,2.5,5.5,-83.86,10.9709,-100,78.16,26.21,1.233441,0.820194,5.7944,0.1164
632,-100,-115.0,40,2.5,6.0,-84.11,10.539,-100,76.7,27.95,1.069588,0.679021,3.7193,0.1561
633,-100,-115.0,40,2.5,6.5,-83.89,11.1177,-100,77.78,26.68,1.159428,0.729227,4.3519,0.1429
634,-100,-115.0,40,2.5,7.0,-83.39,11.532,-100,77.02,27.58,1.105779,0.666379,3.1786,0.1604
635,-100,-115.0,40,2.5,7.5,-83.23,11.9615,-100,76.8,27.85,1.079928,0.63811,3.2711,0.1765
636,-100,-115.0,40,2.5,8.0,-83.81,11.6674,-100,77.46,27.04,1.168311,0.740288,4.5673,0.1623
637,-100,-115.0,40,2.5,8.5,-83.3,12.2129,-100,77.39,27.13,1.139116,0.680931,3.176,0.1784
638,-100,-115.0,40,2.5,9.0,-83.34,11.7495,-100,77.08,27.51,1.112104,0.759197,5.7593,0.1312
640,-100,-115.0,40,2.5,10.0,-83.27,12.6455,-100,77.8,26.63,1.149426,0.674535,2.5363,0.1694
641,-100,-115.0,40,2.5,10.5,-82.52,12.8778,-100,78.06,26.32,1.212926,0.781149,4.7892,0.136
639,-100,-115.0,40,2.5,9.5,-83.41,12.2188,-100,78.14,26.24,1.170076,0.721483,3.6343,0.144
642,-100,-115.0,40,2.5,11.0,-82.94,13.1495,-100,78.6,25.68,1.261221,0.743865,3.9645,0.1607
643,-100,-115.0,40,2.5,11.5,-82.59,13.2999,-100,77.95,26.46,1.169295,0.742926,3.7957,0.1312
644,-100,-115.0,40,2.5,12.0,-82.58,13.5222,-100,78.33,26.01,1.225882,0.724245,3.6153,0.1694
645,-100,-115.0,40,2.5,12.5,-82.48,13.7533,-100,77.93,26.49,1.204394,0.770737,4.5029,0.1425
646,-100,-115.0,40,2.5,13.0,-82.55,14.132,-100,77.97,26.43,1.182179,0.687043,2.7347,0.1592
647,-100,-115.0,40,2.5,13.5,-82.53,14.1083,-100,78.34,25.99,1.226206,0.707525,2.8967,0.1747
648,-100,-115.0,40,2.5,14.0,-82.22,14.6193,-100,77.75,26.7,1.177074,0.694645,3.4773,0.1753
649,-100,-115.0,40,2.75,1.0,-82.65,10.0862,-100,77.54,26.95,1.119999,0.693147,4.0287,0.1625
650,-100,-115.0,40,2.75,1.5,-82.49,10.2355,-100,77.53,26.97,1.146303,0.679751,3.7349,0.1751
651,-100,-115.0,40,2.75,2.0,-82.48,10.9228,-100,77.47,27.04,1.119617,0.676649,3.6534,0.1672
653,-100,-115.0,40,2.75,3.0,-82.76,10.4231,-100,76.17,28.59,1.067436,0.68209,3.9714,0.1572
652,-100,-115.0,40,2.75,2.5,-82.51,11.3052,-100,78.1,26.28,1.141481,0.652299,2.3493,0.1717
656,-100,-115.0,40,2.75,4.5,-82.4,11.0265,-100,77.62,26.86,1.199771,0.790305,5.0157,0.1562
655,-100,-115.0,40,2.75,4.0,-82.7,10.8683,-100,77.82,26.62,1.144321,0.663928,1.9356,0.1921
654,-100,-115.0,40,2.75,3.5,-82.43,10.8023,-100,78.26,26.09,1.195656,0.749001,4.3659,0.1672
657,-100,-115.0,40,2.75,5.0,-82.2,11.193,-100,77.92,26.5,1.200525,0.785346,5.2408,0.1539
658,-100,-115.0,40,2.75,5.5,-82.5,11.6674,-100,77.97,26.43,1.178014,0.708727,3.3355,0.1551
659,-100,-115.0,40,2.75,6.0,-82.28,11.8283,-100,77.95,26.47,1.180276,0.792691,5.2439,0.1451
660,-100,-115.0,40,2.75,6.5,-82.66,11.6797,-100,77.27,27.27,1.142514,0.703775,3.7947,0.1595
661,-100,-115.0,40,2.75,7.0,-82.76,12.5103,-100,78.18,26.18,1.322864,0.833419,5.4261,0.1529
662,-100,-115.0,40,2.75,7.5,-82.1,12.44,-100,76.89,27.74,1.112809,0.650073,2.2853,0.1759
663,-100,-115.0,40,2.75,8.0,-81.9,12.1118,-100,77.67,26.8,1.119743,0.684383,3.299,0.1672
665,-100,-115.0,40,2.75,9.0,-81.55,12.9713,-100,77.85,26.58,1.212383,0.725757,3.5866,0.161
664,-100,-115.0,40,2.75,8.5,-81.77,13.0826,-100,78.13,26.25,1.178292,0.798556,5.2237,0.1159
668,-100,-115.0,40,2.75,10.5,-81.31,13.3673,-100,77.86,26.56,1.172108,0.692765,2.9954,0.1796
666,-100,-115.0,40,2.75,9.5,-81.83,12.8671,-100,77.47,27.03,1.153128,0.740349,4.5398,0.1273
667,-100,-115.0,40,2.75,10.0,-81.63,13.4518,-100,78.2,26.16,1.275424,0.809715,4.5435,0.1452
669,-100,-115.0,40,2.75,11.0,-81.59,14.0182,-100,77.91,26.51,1.175653,0.675115,2.3549,0.1781
670,-100,-115.0,40,2.75,11.5,-81.52,14.284,-100,77.51,26.99,1.12572,0.673278,3.0019,0.175
671,-100,-115.0,40,2.75,12.0,-81.22,14.3325,-100,77.43,27.07,1.138321,0.66775,2.3818,0.1702
672,-100,-115.0,40,2.75,12.5,-80.75,14.3537,-100,77.16,27.4,1.114533,0.703094,4.5008,0.1692
673,-100,-115.0,40,2.75,13.0,-80.96,14.5839,-100,78.07,26.31,1.167179,0.683167,2.5218,0.1646
674,-100,-115.0,40,2.75,13.5,-80.62,15.0335,-100,77.65,26.83,1.179713,0.675936,2.6343,0.1838
675,-100,-115.0,40,2.75,14.0,-80.41,15.5448,-100,78.34,25.98,1.175909,0.760989,4.8835,0.1382
676,-100,-115.0,40,3.0,1.0,-81.01,10.8432,-99,77.81,26.62,1.136478,0.74704,4.7906,0.1367
677,-100,-115.0,40,3.0,1.5,-80.68,11.3246,-100,77.11,27.47,1.162906,0.787274,5.4699,0.1319
679,-100,-115.0,40,3.0,2.5,-80.82,11.5743,-100,76.11,28.66,1.038727,0.695184,4.762,0.1603
680,-100,-115.0,40,3.0,3.0,-81.07,12.1441,-100,78.01,26.38,1.167012,0.823937,5.8326,0.1108
678,-100,-115.0,40,3.0,2.0,-80.89,11.5314,-100,77.26,27.29,1.103262,0.770346,5.3794,0.1568
681,-100,-115.0,40,3.0,3.5,-81.65,11.6871,-100,78.09,26.3,1.162986,0.716119,3.6986,0.1623
683,-100,-115.0,40,3.0,4.5,-81.36,12.3903,-100,76.09,28.7,1.005891,0.627943,3.515,0.1896
682,-100,-115.0,40,3.0,4.0,-80.9,11.9546,-100,77.48,27.03,1.160006,0.688042,3.3916,0.1494
684,-100,-115.0,40,3.0,5.0,-81.26,11.6962,-100,75.85,28.99,1.028672,0.630128,3.0004,0.1883
685,-100,-115.0,40,3.0,5.5,-80.73,12.307,-100,77.73,26.73,1.149599,0.695256,3.2091,0.1712
686,-100,-115.0,40,3.0,6.0,-80.79,12.6866,-100,77.53,26.97,1.166217,0.810278,5.9655,0.1234
687,-100,-115.0,40,3.0,6.5,-81.26,12.666,-100,77.84,26.59,1.150687,0.729079,4.6053,0.1512
688,-100,-115.0,40,3.0,7.0,-80.34,13.1624,-100,77.65,26.82,1.141865,0.697701,3.2898,0.1573
689,-100,-115.0,40,3.0,7.5,-80.46,13.4618,-100,77.77,26.68,1.152028,0.678669,2.8766,0.1736
690,-100,-115.0,40,3.0,8.0,-80.23,13.0647,-100,78.17,26.2,1.225116,0.769749,4.9889,0.1362
691,-100,-115.0,40,3.0,8.5,-80.43,12.9348,-100,77.48,27.03,1.157063,0.807167,5.8154,0.1204
692,-100,-115.0,40,3.0,9.0,-80.33,13.4319,-100,77.76,26.69,1.188493,0.769907,4.8306,0.1479
693,-100,-115.0,40,3.0,9.5,-80.0,14.0947,-100,77.85,26.57,1.203217,0.771627,4.7101,0.1506
694,-100,-115.0,40,3.0,10.0,-80.09,14.8055,-100,78.07,26.32,1.200598,0.757851,4.5816,0.1433
695,-100,-115.0,40,3.0,10.5,-80.44,14.7007,-100,77.45,27.07,1.117796,0.693123,3.5673,0.1726
696,-100,-115.0,40,3.0,11.0,-79.8,14.7248,-100,76.55,28.14,1.07965,0.705688,4.7476,0.1471
697,-100,-115.0,40,3.0,11.5,-80.23,15.1482,-100,77.06,27.53,1.092134,0.73106,4.781,0.1314
698,-100,-115.0,40,3.0,12.0,-79.48,15.4581,-100,77.55,26.93,1.110851,0.698696,3.6977,0.165
699,-100,-115.0,40,3.0,12.5,-79.56,15.1959,-100,77.94,26.48,1.162565,0.68696,2.8762,0.18
700,-100,-115.0,40,3.0,13.0,-79.44,15.9427,-100,78.04,26.36,1.258286,0.847241,5.8999,0.1311
701,-100,-115.0,40,3.0,13.5,-79.63,15.9531,-100,77.78,26.66,1.207431,0.72048,3.4248,0.1806
702,-100,-115.0,40,3.0,14.0,-79.39,15.8658,-100,76.94,27.67,1.136916,0.708398,4.197,0.1742
704,-100,-115.0,40,3.25,1.5,-79.38,12.216,-100,76.26,28.49,1.026236,0.701652,4.6765,0.186
703,-100,-115.0,40,3.25,1.0,-79.62,12.1722,-100,77.93,26.48,1.172079,0.714656,3.6223,0.1531
705,-100,-115.0,40,3.25,2.0,-79.79,12.6582,-100,76.58,28.12,1.067028,0.642363,2.9542,0.1907
706,-100,-115.0,40,3.25,2.5,-79.68,11.6266,-100,78.14,26.24,1.216442,0.832467,5.8924,0.1291
707,-100,-115.0,40,3.25,3.0,-79.8,13.011,-100,77.65,26.81,1.133609,0.703096,3.6337,0.1697
708,-100,-115.0,40,3.25,3.5,-79.18,13.1275,-100,77.87,26.57,1.138867,0.685468,3.6744,0.1643
709,-100,-115.0,40,3.25,4.0,-79.47,13.1534,-100,77.21,27.35,1.147487,0.687908,3.0269,0.1758
710,-100,-115.0,40,3.25,4.5,-78.93,13.0509,-100,77.42,27.1,1.132209,0.688141,3.3492,0.1595
711,-100,-115.0,40,3.25,5.0,-79.55,13.0342,-100,77.07,27.52,1.095262,0.647812,2.4322,0.1843
712,-100,-115.0,40,3.25,5.5,-79.43,13.5182,-100,76.22,28.54,1.064283,0.652436,3.0934,0.1761
713,-100,-115.0,40,3.25,6.0,-79.21,13.6062,-100,77.48,27.03,1.068862,0.652141,2.678,0.1866
715,-100,-115.0,40,3.25,7.0,-79.04,14.2996,-100,77.31,27.24,1.068937,0.662776,3.1587,0.161
714,-100,-115.0,40,3.25,6.5,-79.05,13.3794,-100,77.7,26.77,1.15062,0.746428,4.7,0.1331
716,-100,-115.0,40,3.25,7.5,-79.32,13.6712,-100,76.48,28.22,1.059201,0.673159,4.0094,0.1687
717,-100,-115.0,40,3.25,8.0,-78.51,14.6039,-100,76.55,28.15,1.063179,0.689412,4.2756,0.1575
718,-100,-115.0,40,3.25,8.5,-78.69,14.0978,-100,76.1,28.68,1.009189,0.656464,3.6507,0.1663
719,-100,-115.0,40,3.25,9.0,-78.74,14.6533,-100,77.29,27.25,1.130109,0.705317,3.7855,0.1688
720,-100,-115.0,40,3.25,9.5,-78.69,15.0271,-100,78.0,26.39,1.110136,0.701071,3.6285,0.1429
721,-100,-115.0,40,3.25,10.0,-78.87,14.9035,-100,78.16,26.21,1.206604,0.780816,4.403,0.131
722,-100,-115.0,40,3.25,10.5,-79.13,15.417,-100,77.96,26.45,1.170042,0.681683,2.4149,0.1906
723,-100,-115.0,40,3.25,11.0,-78.3,15.4039,-100,77.3,27.23,1.105705,0.678424,3.3147,0.1776
724,-100,-115.0,40,3.25,11.5,-78.15,16.0979,-100,78.16,26.21,1.200137,0.716463,2.9501,0.1726
725,-100,-115.0,40,3.25,12.0,-78.44,15.8429,-100,77.65,26.81,1.108941,0.66807,2.7941,0.17
726,-100,-115.0,40,3.25,12.5,-78.57,15.7069,-100,77.63,26.84,1.143009,0.743417,4.6868,0.1405
727,-100,-115.0,40,3.25,13.0,-78.32,16.3585,-100,78.1,26.28,1.164864,0.671156,2.1996,0.1711
728,-100,-115.0,40,3.25,13.5,-78.05,16.5134,-100,77.5,27.0,1.120467,0.687062,3.8702,0.1711
729,-100,-115.0,40,3.25,14.0,-78.33,16.9557,-100,76.57,28.12,1.079161,0.629695,2.2741,0.1747
730,-100,-115.0,40,3.5,1.0,-78.18,14.0824,-100,77.76,26.68,1.11594,0.676162,3.2883,0.1744
731,-100,-115.0,40,3.5,1.5,-78.07,13.6182,-100,77.57,26.9,1.132916,0.702624,3.7503,0.1497
732,-100,-115.0,40,3.5,2.0,-77.59,13.3903,-100,77.53,26.96,1.14376,0.688247,3.3686,0.1763
733,-100,-115.0,40,3.5,2.5,-78.29,13.0584,-100,77.73,26.72,1.126009,0.733276,4.1287,0.1542
734,-100,-115.0,40,3.5,3.0,-78.15,14.0439,-100,77.47,27.04,1.110049,0.658246,2.5804,0.1797
736,-100,-115.0,40,3.5,4.0,-78.13,13.9293,-100,76.66,28.01,1.050922,0.727204,4.8137,0.1317
735,-100,-115.0,40,3.5,3.5,-78.0,13.2714,-100,77.86,26.57,1.156474,0.689588,3.2298,0.1621
738,-100,-115.0,40,3.5,5.0,-77.57,14.9478,-100,77.04,27.55,1.145502,0.814667,5.8488,0.1428
737,-100,-115.0,40,3.5,4.5,-78.28,13.9454,-100,77.09,27.49,1.087609,0.714184,4.7319,0.1372
740,-100,-115.0,40,3.5,6.0,-77.95,14.5839,-100,77.03,27.55,1.051368,0.653539,3.0135,0.163
739,-100,-115.0,40,3.5,5.5,-78.05,14.1425,-100,77.79,26.64,1.139088,0.664204,1.9719,0.1858
741,-100,-115.0,40,3.5,6.5,-78.12,14.2121,-100,76.78,27.86,1.076553,0.657521,3.4151,0.1945
742,-100,-115.0,40,3.5,7.0,-77.63,15.2191,-100,78.14,26.23,1.215891,0.76504,4.1318,0.1523
743,-100,-115.0,40,3.5,7.5,-77.57,15.2024,-100,77.43,27.08,1.177163,0.669122,2.8151,0.1746
744,-100,-115.0,40,3.5,8.0,-77.54,15.4689,-100,77.04,27.55,1.116253,0.696374,3.7992,0.1656
745,-100,-115.0,40,3.5,8.5,-78.05,15.3033,-100,77.72,26.74,1.15445,0.684282,2.5633,0.1822
746,-100,-115.0,40,3.5,9.0,-77.16,15.1552,-100,77.71,26.74,1.158892,0.721438,3.8576,0.1617
747,-100,-115.0,40,3.5,9.5,-77.27,15.5853,-100,76.91,27.71,1.085522,0.666356,2.9566,0.1774
748,-100,-115.0,40,3.5,10.0,-77.49,15.3576,-100,77.19,27.37,1.100732,0.677826,3.6598,0.1754
750,-100,-115.0,40,3.5,11.0,-77.44,16.2355,-100,76.17,28.6,1.031048,0.660413,3.4903,0.1764
749,-100,-115.0,40,3.5,10.5,-77.77,15.7735,-100,78.18,26.2,1.166052,0.680819,2.696,0.1734
751,-100,-115.0,40,3.5,11.5,-77.1,16.6943,-100,77.22,27.33,1.091632,0.73774,4.7583,0.1463
752,-100,-115.0,40,3.5,12.0,-76.77,16.7502,-100,76.89,27.73,1.073361,0.675535,3.0817,0.1815
753,-100,-115.0,40,3.5,12.5,-76.45,16.8803,-100,77.6,26.87,1.169321,0.710592,3.9387,0.1625
754,-100,-115.0,40,3.5,13.0,-76.52,17.1075,-100,76.87,27.76,1.088677,0.728974,4.9933,0.1605
755,-100,-115.0,40,3.5,13.5,-76.62,17.7483,-100,78.32,26.02,1.231906,0.750038,3.8796,0.167
756,-100,-115.0,40,3.5,14.0,-76.38,17.6952,-100,78.03,26.37,1.219821,0.712274,3.3249,0.1784
757,-100,-115.0,40,3.75,1.0,-76.4,14.3743,-100,77.45,27.06,1.111091,0.664968,3.1139,0.1829
758,-100,-115.0,40,3.75,1.5,-76.82,14.5062,-100,77.23,27.33,1.098165,0.668114,3.4504,0.1805
761,-100,-115.0,40,3.75,3.0,-76.01,14.3951,-100,77.22,27.34,1.06153,0.679104,3.5583,0.1491
760,-100,-115.0,40,3.75,2.5,-76.54,14.1844,-100,75.89,28.93,1.013432,0.626544,3.0143,0.1955
759,-100,-115.0,40,3.75,2.0,-76.37,14.0732,-100,78.17,26.2,1.132707,0.738293,4.0058,0.1349
762,-100,-115.0,40,3.75,3.5,-76.57,14.4242,-100,77.85,26.58,1.16674,0.756523,4.4397,0.1404
764,-100,-115.0,40,3.75,4.5,-76.0,15.0512,-100,76.5,28.2,1.002972,0.663318,4.0016,0.1621
763,-100,-115.0,40,3.75,4.0,-76.61,15.0616,-100,76.22,28.52,1.09695,0.715069,5.1601,0.1235
765,-100,-115.0,40,3.75,5.0,-76.3,15.1747,-100,77.79,26.66,1.120599,0.655831,2.2836,0.1856
766,-100,-115.0,40,3.75,5.5,-76.16,14.9346,-100,77.69,26.78,1.156018,0.764525,4.8673,0.1421
767,-100,-115.0,40,3.75,6.0,-76.59,15.1657,-100,77.67,26.8,1.125007,0.73028,4.1575,0.1596
768,-100,-115.0,40,3.75,6.5,-76.18,15.197,-100,76.39,28.33,1.049307,0.683923,4.5588,0.1713
769,-100,-115.0,40,3.75,7.0,-76.37,15.6129,-100,77.54,26.95,1.11175,0.660356,2.4003,0.1855
770,-100,-115.0,40,3.75,7.5,-75.77,15.8981,-100,77.38,27.15,1.167664,0.784282,4.7886,0.1366
771,-100,-115.0,40,3.75,8.0,-75.59,15.8308,-100,77.41,27.11,1.096798,0.683213,3.6558,0.1684
772,-100,-115.0,40,3.75,8.5,-75.99,16.0266,-100,78.19,26.17,1.216077,0.854841,6.0222,0.116
775,-100,-115.0,40,3.75,10.0,-75.85,16.201,-100,75.96,28.84,0.997659,0.630292,2.9991,0.1732
773,-100,-115.0,40,3.75,9.0,-75.96,16.6608,-100,77.67,26.79,1.137604,0.667467,2.7392,0.1773
774,-100,-115.0,40,3.75,9.5,-75.53,16.4542,-100,77.51,26.99,1.142006,0.656243,1.9137,0.1973
776,-100,-115.0,40,3.75,10.5,-75.3,16.9046,-100,76.99,27.62,1.096935,0.673832,3.4644,0.1754
777,-100,-115.0,40,3.75,11.0,-76.02,17.0213,-100,77.76,26.69,1.178091,0.727471,4.0619,0.1581
778,-100,-115.0,40,3.75,11.5,-75.56,17.25,-100,77.33,27.2,1.127631,0.71713,4.0399,0.1484
779,-100,-115.0,40,3.75,12.0,-75.81,17.5459,-100,76.82,27.81,1.20605,0.829581,6.265,0.1681
780,-100,-115.0,40,3.75,12.5,-75.42,17.8263,-100,77.86,26.57,1.170022,0.700889,3.3578,0.1639
782,-100,-115.0,40,3.75,13.5,-75.33,18.2214,-100,77.39,27.13,1.11574,0.682336,3.1467,0.1682
781,-100,-115.0,40,3.75,13.0,-75.26,18.2245,-100,77.16,27.41,1.103335,0.703556,4.223,0.1553
786,-100,-115.0,40,4.0,2.0,-75.12,15.7469,-100,76.17,28.59,1.061424,0.74501,5.4505,0.1466
783,-100,-115.0,40,3.75,14.0,-75.21,18.9017,-100,77.72,26.73,1.193023,0.744858,3.5343,0.1559
784,-100,-115.0,40,4.0,1.0,-74.51,15.2307,-98,78.47,25.84,1.218795,0.747186,4.3441,0.1398
785,-100,-115.0,40,4.0,1.5,-75.47,15.8127,-100,77.13,27.45,1.082973,0.684464,3.7058,0.1855
787,-100,-115.0,40,4.0,2.5,-74.84,15.5079,-100,76.13,28.64,1.091611,0.769263,6.2792,0.1596
788,-100,-115.0,40,4.0,3.0,-75.23,15.9124,-100,76.9,27.72,1.103168,0.709766,3.9938,0.1262
789,-100,-115.0,40,4.0,3.5,-74.15,16.5166,-100,77.57,26.91,1.12732,0.833169,6.247,0.1287
791,-100,-115.0,40,4.0,4.5,-74.73,16.1461,-100,76.63,28.04,1.074153,0.718621,5.1778,0.1442
790,-100,-115.0,40,4.0,4.0,-75.25,15.4377,-100,76.89,27.73,1.04067,0.628085,2.1978,0.1908
792,-100,-115.0,40,4.0,5.0,-75.13,15.7002,-100,76.43,28.29,1.024441,0.662583,3.9763,0.1672
794,-100,-115.0,40,4.0,6.0,-75.12,16.0115,-100,76.62,28.06,1.098905,0.727224,4.5731,0.1504
793,-100,-115.0,40,4.0,5.5,-75.0,16.2408,-100,77.49,27.01,1.175549,0.756772,4.7476,0.1443
796,-100,-115.0,40,4.0,7.0,-74.61,16.0233,-100,77.06,27.52,1.090327,0.639314,2.8686,0.1822
795,-100,-115.0,40,4.0,6.5,-74.51,16.4495,-100,77.03,27.56,1.069695,0.67513,3.4358,0.1718
798,-100,-115.0,40,4.0,8.0,-74.73,17.0146,-100,77.46,27.06,1.178638,0.737077,3.9166,0.1541
797,-100,-115.0,40,4.0,7.5,-74.7,16.0619,-100,78.04,26.34,1.132826,0.689879,3.6094,0.1428
799,-100,-115.0,40,4.0,8.5,-74.53,16.7805,-100,77.65,26.81,1.176495,0.714751,3.4323,0.1635
800,-100,-115.0,40,4.0,9.0,-73.91,17.3849,-100,77.76,26.68,1.155603,0.690051,2.6588,0.1847
801,-100,-115.0,40,4.0,9.5,-74.42,16.8227,-100,77.22,27.33,1.09292,0.645865,2.6177,0.1848
802,-100,-115.0,40,4.0,10.0,-74.73,17.0861,-100,76.89,27.74,1.06654,0.656754,2.9937,0.1749
803,-100,-115.0,40,4.0,10.5,-74.38,17.9259,-100,77.19,27.37,1.116811,0.684145,3.4654,0.1758
804,-100,-115.0,40,4.0,11.0,-73.87,18.112,-100,77.09,27.5,1.107337,0.725446,4.6544,0.1634
806,-100,-115.0,40,4.0,12.0,-74.16,18.1927,-100,77.14,27.44,1.133345,0.75083,4.7736,0.1491
805,-100,-115.0,40,4.0,11.5,-74.05,18.0911,-100,77.15,27.42,1.083053,0.68731,3.9535,0.1562
807,-100,-115.0,40,4.0,12.5,-74.33,18.0625,-100,77.77,26.68,1.169252,0.731764,3.5909,0.1562
808,-100,-115.0,40,4.0,13.0,-73.65,18.858,-100,76.09,28.69,1.065155,0.677874,3.7596,0.168
809,-100,-115.0,40,4.0,13.5,-73.99,19.051,-100,77.94,26.47,1.149328,0.745022,4.4534,0.146
810,-100,-115.0,40,4.0,14.0,-73.61,19.0179,-100,77.26,27.28,1.123724,0.690167,3.0353,0.1691
811,-100,-115.0,40,4.25,1.0,-73.0,15.8642,-98,77.23,27.32,1.073462,0.644645,2.0989,0.1832
812,-100,-115.0,40,4.25,1.5,-72.86,15.8749,-100,78.21,26.15,1.186672,0.7173,3.5059,0.1645
813,-100,-115.0,40,4.25,2.0,-73.81,16.1033,-100,77.47,27.03,1.130707,0.690252,3.1364,0.1864
814,-100,-115.0,40,4.25,2.5,-73.55,16.4832,-100,77.37,27.15,1.091386,0.667428,3.6522,0.16
815,-100,-115.0,40,4.25,3.0,-73.19,15.888,-100,77.66,26.81,1.146283,0.704312,3.5412,0.1637
816,-100,-115.0,40,4.25,3.5,-72.98,16.6171,-100,77.4,27.12,1.105454,0.67095,3.0838,0.1661
817,-100,-115.0,40,4.25,4.0,-72.99,16.6648,-100,76.86,27.76,1.09383,0.687853,3.3593,0.1706
818,-100,-115.0,40,4.25,4.5,-73.05,17.1007,-100,77.69,26.77,1.121776,0.694278,3.1448,0.1654
819,-100,-115.0,40,4.25,5.0,-73.33,16.38,-100,78.0,26.4,1.198346,0.771309,5.0906,0.1487
820,-100,-115.0,40,4.25,5.5,-73.97,16.2253,-100,76.72,27.93,1.066569,0.660901,3.6504,0.1788
821,-100,-115.0,40,4.25,6.0,-72.98,16.2275,-100,76.82,27.82,1.0334,0.731167,5.0817,0.1151
822,-100,-115.0,40,4.25,6.5,-72.96,17.5729,-100,77.28,27.26,1.082612,0.658246,3.1559,0.1776
823,-100,-115.0,40,4.25,7.0,-73.68,16.9942,-100,77.91,26.5,1.19245,0.780873,5.327,0.1474
825,-100,-115.0,40,4.25,8.0,-72.93,16.7949,-100,76.21,28.55,1.025576,0.701312,5.0842,0.146
824,-100,-115.0,40,4.25,7.5,-72.99,16.9936,-100,77.48,27.03,1.103997,0.720411,4.1854,0.1551
826,-100,-115.0,40,4.25,8.5,-73.18,17.8169,-100,76.65,28.02,1.062757,0.663424,3.4357,0.1707
827,-100,-115.0,40,4.25,9.0,-72.79,17.6194,-100,76.87,27.75,1.08587,0.676994,3.5223,0.1669
828,-100,-115.0,40,4.25,9.5,-73.56,17.9582,-100,76.75,27.91,1.071789,0.682997,3.6375,0.154
829,-100,-115.0,40,4.25,10.0,-72.74,17.8524,-100,77.25,27.29,1.119465,0.715152,4.6747,0.1483
830,-100,-115.0,40,4.25,10.5,-72.69,18.5102,-100,76.58,28.1,1.107565,0.789803,5.3973,0.1223
831,-100,-115.0,40,4.25,11.0,-72.55,18.8292,-100,77.07,27.51,1.079892,0.695367,4.0404,0.155
833,-100,-115.0,40,4.25,12.0,-72.39,19.0104,-100,77.78,26.67,1.132463,0.667727,2.5192,0.1728
834,-100,-115.0,40,4.25,12.5,-72.29,19.5582,-100,77.22,27.32,1.082627,0.668211,3.0809,0.1876
832,-100,-115.0,40,4.25,11.5,-72.64,19.0189,-100,77.64,26.83,1.11372,0.680286,2.8399,0.1577
835,-100,-115.0,40,4.25,13.0,-72.73,19.2399,-100,77.41,27.11,1.089746,0.676927,3.2837,0.1552
838,-100,-115.0,40,4.5,1.0,-72.38,16.7443,-98,76.97,27.63,1.066201,0.671606,3.5055,0.1821
837,-100,-115.0,40,4.25,14.0,-72.14,20.5194,-100,77.7,26.76,1.15907,0.750679,4.1276,0.1585
836,-100,-115.0,40,4.25,13.5,-72.26,19.7946,-100,77.79,26.66,1.174332,0.716282,4.0568,0.1534
839,-100,-115.0,40,4.5,1.5,-71.88,17.1077,-100,76.34,28.39,1.014715,0.64319,3.6343,0.1893
840,-100,-115.0,40,4.5,2.0,-71.65,16.3977,-100,77.11,27.46,1.09279,0.719507,4.4032,0.1499
841,-100,-115.0,40,4.5,2.5,-71.67,17.9046,-100,77.43,27.09,1.032029,0.626737,2.3058,0.1925
843,-100,-115.0,40,4.5,3.5,-72.05,16.4815,-100,77.16,27.42,1.077277,0.719125,4.5781,0.167
842,-100,-115.0,40,4.5,3.0,-71.28,17.0046,-100,76.18,28.58,1.020958,0.6317,3.1549,0.1998
844,-100,-115.0,40,4.5,4.0,-71.76,17.208,-100,77.08,27.5,1.057529,0.672532,3.4052,0.1751
845,-100,-115.0,40,4.5,4.5,-72.2,17.3659,-100,76.83,27.8,1.048255,0.648029,2.9299,0.1758
846,-100,-115.0,40,4.5,5.0,-72.56,17.3885,-100,76.89,27.73,1.047767,0.688932,4.2767,0.147
847,-100,-115.0,40,4.5,5.5,-71.8,17.9492,-100,77.03,27.56,1.018084,0.737138,5.1231,0.1527
848,-100,-115.0,40,4.5,6.0,-71.9,17.3944,-100,77.58,26.9,1.097154,0.687717,3.2025,0.1441
850,-100,-115.0,40,4.5,7.0,-71.9,18.5,-100,76.44,28.27,1.063775,0.71636,4.5454,0.1634
849,-100,-115.0,40,4.5,6.5,-71.58,17.9207,-100,76.77,27.88,1.105909,0.662658,2.8129,0.18
851,-100,-115.0,40,4.5,7.5,-71.42,18.2447,-100,77.31,27.24,1.0924,0.665861,2.7988,0.158
852,-100,-115.0,40,4.5,8.0,-72.04,19.0347,-100,77.82,26.62,1.112097,0.701619,3.9477,0.1687
853,-100,-115.0,40,4.5,8.5,-71.21,18.5827,-100,76.35,28.39,1.041921,0.699322,4.8651,0.1449
854,-100,-115.0,40,4.5,9.0,-71.24,19.122,-100,77.81,26.63,1.144336,0.700471,3.5727,0.155
855,-100,-115.0,40,4.5,9.5,-71.05,18.8799,-100,77.24,27.32,1.140845,0.696748,3.5762,0.1795
858,-100,-115.0,40,4.5,11.0,-70.98,19.4949,-100,77.62,26.85,1.089312,0.658074,2.8501,0.1755
857,-100,-115.0,40,4.5,10.5,-71.56,19.5692,-100,76.56,28.13,1.093743,0.688354,4.1595,0.1747
856,-100,-115.0,40,4.5,10.0,-70.97,18.6776,-100,78.14,26.22,1.139646,0.70818,3.5925,0.1502
859,-100,-115.0,40,4.5,11.5,-71.05,19.7246,-100,77.76,26.69,1.138184,0.731047,4.0858,0.161
860,-100,-115.0,40,4.5,12.0,-71.45,19.8287,-100,77.49,27.02,1.168463,0.80702,5.7165,0.1472
862,-100,-115.0,40,4.5,13.0,-71.09,20.0119,-100,77.26,27.29,1.073112,0.668026,3.2927,0.1805
861,-100,-115.0,40,4.5,12.5,-71.18,20.256,-100,76.55,28.14,1.109383,0.674245,3.0392,0.1912
863,-100,-115.0,40,4.5,13.5,-71.1,20.9302,-100,77.28,27.25,1.145881,0.728092,4.3121,0.1545
864,-100,-115.0,40,4.5,14.0,-70.56,20.5342,-100,77.9,26.52,1.123691,0.67199,3.0135,0.1678
865,-100,-115.0,40,4.75,1.0,-70.71,18.1015,-97,77.73,26.73,1.103949,0.683802,3.9433,0.1588
866,-100,-115.0,40,4.75,1.5,-70.38,18.281,-97,77.02,27.57,1.102843,0.740629,5.3671,0.1367
867,-100,-115.0,40,4.75,2.0,-70.15,18.2527,-98,76.82,27.82,1.019109,0.651786,3.2391,0.1857
870,-100,-115.0,40,4.75,3.5,-70.22,18.4491,-100,76.16,28.6,1.012607,0.658535,4.1405,0.1753
868,-100,-115.0,40,4.75,2.5,-69.93,17.218,-100,77.5,26.99,1.077181,0.706467,4.9166,0.1449
869,-100,-115.0,40,4.75,3.0,-70.72,18.6123,-100,77.33,27.21,1.058403,0.668929,3.6939,0.1759
871,-100,-115.0,40,4.75,4.0,-69.91,18.9879,-100,77.03,27.57,1.098311,0.666941,2.8105,0.1789
872,-100,-115.0,40,4.75,4.5,-70.44,18.3858,-100,76.93,27.69,1.037546,0.667805,3.7164,0.1584
873,-100,-115.0,40,4.75,5.0,-70.41,18.7992,-100,76.77,27.88,1.044965,0.658308,3.3227,0.1873
874,-100,-115.0,40,4.75,5.5,-70.35,19.2906,-100,77.13,27.44,1.081402,0.658055,2.8128,0.1764
875,-100,-115.0,40,4.75,6.0,-70.31,19.2625,-100,77.38,27.14,1.113832,0.704823,4.1908,0.1489
876,-100,-115.0,40,4.75,6.5,-70.34,19.1424,-100,77.25,27.3,1.125737,0.719773,4.3142,0.1715
877,-100,-115.0,40,4.75,7.0,-70.98,18.8428,-100,77.1,27.48,1.092986,0.67599,2.9306,0.1534
878,-100,-115.0,40,4.75,7.5,-70.09,18.8135,-100,77.49,27.01,1.158797,0.774169,4.8793,0.1453
879,-100,-115.0,40,4.75,8.0,-70.08,19.4712,-100,76.76,27.88,1.046124,0.631042,2.8084,0.1851
882,-100,-115.0,40,4.75,9.5,-70.08,20.5129,-100,77.53,26.96,1.135677,0.749526,4.2836,0.1348
881,-100,-115.0,40,4.75,9.0,-70.01,19.5628,-100,77.02,27.56,1.092907,0.653818,2.4573,0.1802
880,-100,-115.0,40,4.75,8.5,-69.47,19.416,-100,77.36,27.17,1.098974,0.696322,3.75,0.1485
883,-100,-115.0,40,4.75,10.0,-69.99,19.8715,-100,77.39,27.13,1.081267,0.67077,3.3409,0.1713
884,-100,-115.0,40,4.75,10.5,-69.99,19.3286,-100,77.51,27.0,1.174658,0.832703,5.8966,0.1322
885,-100,-115.0,40,4.75,11.0,-69.7,20.9532,-100,77.33,27.21,1.096833,0.682407,3.5799,0.1726
886,-100,-115.0,40,4.75,11.5,-69.76,20.3155,-100,77.44,27.08,1.13524,0.67084,2.6253,0.1933
887,-100,-115.0,40,4.75,12.0,-69.59,21.632,-100,77.15,27.43,1.113237,0.73998,4.6372,0.1535
888,-100,-115.0,40,4.75,12.5,-69.39,21.5551,-100,77.07,27.51,1.061161,0.680266,3.7713,0.1735
889,-100,-115.0,40,4.75,13.0,-69.2,20.6366,-100,77.65,26.82,1.244136,0.869013,6.164,0.1455
890,-100,-115.0,40,4.75,13.5,-69.37,21.7653,-100,77.05,27.54,1.099918,0.713529,3.8228,0.1556
891,-100,-115.0,40,4.75,14.0,-69.47,21.7154,-100,76.36,28.37,1.079383,0.670111,3.5018,0.1734
893,-100,-115.0,40,5.0,1.5,-68.72,18.843,-97,77.23,27.32,1.043052,0.639784,2.7465,0.1865
895,-100,-115.0,40,5.0,2.5,-68.98,19.1487,-100,76.65,28.02,1.014947,0.636099,2.9033,0.1783
892,-100,-115.0,40,5.0,1.0,-68.87,19.7419,-95,76.78,27.87,1.011481,0.690196,4.9804,0.1362
894,-100,-115.0,40,5.0,2.0,-68.62,19.3564,-98,77.18,27.38,1.020142,0.739126,5.8809,0.1303
896,-100,-115.0,40,5.0,3.0,-68.62,19.792,-100,77.52,26.97,1.123758,0.719359,4.273,0.1497
897,-100,-115.0,40,5.0,3.5,-68.73,19.2478,-100,76.58,28.09,1.041089,0.669101,3.9803,0.1633
898,-100,-115.0,40,5.0,4.0,-68.84,19.365,-100,77.16,27.41,1.100175,0.688057,3.6752,0.1511
899,-100,-115.0,40,5.0,4.5,-69.13,19.0298,-100,77.34,27.19,1.068417,0.659672,3.2533,0.1517
900,-100,-115.0,40,5.0,5.0,-69.22,19.6461,-100,76.84,27.79,1.088457,0.692139,3.5694,0.1815
901,-100,-115.0,40,5.0,5.5,-68.85,19.9042,-100,76.18,28.58,1.020955,0.636976,2.7106,0.1717
902,-100,-115.0,40,5.0,6.0,-69.26,19.629,-100,77.27,27.27,1.116621,0.716444,4.6014,0.1485
903,-100,-115.0,40,5.0,6.5,-68.25,19.3383,-100,77.83,26.6,1.217018,0.827485,5.7458,0.134
904,-100,-115.0,40,5.0,7.0,-68.51,20.343,-100,76.8,27.84,1.096698,0.718458,4.2865,0.1589
905,-100,-115.0,40,5.0,7.5,-68.47,20.5691,-100,76.13,28.65,1.021161,0.643602,3.256,0.1873
906,-100,-115.0,40,5.0,8.0,-68.5,20.537,-100,76.81,27.83,1.070785,0.686767,3.758,0.1681
907,-100,-115.0,40,5.0,8.5,-68.23,20.6743,-100,76.25,28.49,1.027732,0.661691,3.7629,0.1627
908,-100,-115.0,40,5.0,9.0,-68.56,20.919,-100,77.07,27.52,1.043282,0.772721,5.5845,0.1262
910,-100,-115.0,40,5.0,10.0,-68.16,20.4497,-100,77.42,27.09,1.149105,0.818606,5.7419,0.129
909,-100,-115.0,40,5.0,9.5,-68.64,21.8042,-100,76.88,27.74,1.045499,0.664049,3.2724,0.1494
911,-100,-115.0,40,5.0,10.5,-68.31,21.5017,-100,77.06,27.53,1.090171,0.705844,4.1175,0.1732
912,-100,-115.0,40,5.0,11.0,-67.96,21.7288,-100,76.75,27.9,1.081959,0.717734,4.8725,0.1618
913,-100,-115.0,40,5.0,11.5,-68.14,21.1211,-100,76.98,27.63,1.111573,0.776806,5.3103,0.1566
914,-100,-115.0,40,5.0,12.0,-67.72,20.8482,-100,76.83,27.8,1.047025,0.67966,3.7252,0.1567
915,-100,-115.0,40,5.0,12.5,-68.46,21.7384,-100,77.73,26.73,1.150806,0.671898,2.1061,0.198
916,-100,-115.0,40,5.0,13.0,-68.14,21.8127,-100,77.27,27.27,1.071332,0.681733,3.2274,0.1405
919,-100,-110.0,40,1.0,1.0,-93.26,4.0682,-100,77.58,26.9,1.018916,0.716474,8.58,0.1115
917,-100,-115.0,40,5.0,13.5,-68.07,22.2748,-100,77.41,27.1,1.10399,0.691256,3.5939,0.1691
918,-100,-115.0,40,5.0,14.0,-67.83,22.59,-100,77.58,26.9,1.098104,0.653176,3.14,0.1825
920,-100,-110.0,40,1.0,1.5,-92.9,4.6154,-100,76.28,28.47,1.029374,0.648601,4.8033,0.1372
922,-100,-110.0,40,1.0,2.5,-92.83,4.482,-100,74.65,30.42,0.961104,0.628347,6.3184,0.1415
921,-100,-110.0,40,1.0,2.0,-93.01,4.5536,-100,77.24,27.31,1.056674,0.625146,4.2942,0.1419
923,-100,-110.0,40,1.0,3.0,-93.21,4.6269,-100,76.28,28.46,1.071542,0.756724,7.1046,0.1288
924,-100,-110.0,40,1.0,3.5,-92.72,5.2045,-100,75.73,29.13,1.015907,0.606486,4.5358,0.1274
925,-100,-110.0,40,1.0,4.0,-92.38,5.5756,-100,77.43,27.08,1.074735,0.630178,4.0346,0.1617
926,-100,-110.0,40,1.0,4.5,-92.65,5.7981,-100,75.85,28.99,1.013228,0.613689,4.3654,0.1437
927,-100,-110.0,40,1.0,5.0,-92.95,5.6563,-100,77.51,26.99,1.072545,0.611947,3.3294,0.1744
929,-100,-110.0,40,1.0,6.0,-92.25,6.2882,-100,76.67,28.0,1.043156,0.626217,3.8198,0.1684
928,-100,-110.0,40,1.0,5.5,-92.77,6.1419,-100,76.5,28.2,1.085115,0.696671,5.4461,0.1495
931,-100,-110.0,40,1.0,7.0,-92.21,6.6151,-100,76.78,27.86,1.069485,0.653183,3.7917,0.173
930,-100,-110.0,40,1.0,6.5,-92.7,6.1438,-100,78.41,25.91,1.157001,0.647259,2.7212,0.1639
932,-100,-110.0,40,1.0,7.5,-92.23,6.9403,-100,77.17,27.39,1.139992,0.675894,4.1344,0.1519
933,-100,-110.0,40,1.0,8.0,-91.78,7.3414,-100,76.5,28.21,1.1344,0.678573,4.3626,0.1556
934,-100,-110.0,40,1.0,8.5,-91.34,7.7308,-100,77.35,27.19,1.115616,0.679503,4.1646,0.1386
935,-100,-110.0,40,1.0,9.0,-91.18,7.9272,-100,76.82,27.81,1.127786,0.634853,3.3593,0.18
936,-100,-110.0,40,1.0,9.5,-90.87,8.4052,-100,78.44,25.87,1.245736,0.732826,3.8921,0.1246
937,-100,-110.0,40,1.0,10.0,-91.25,8.6125,-100,78.32,26.02,1.252719,0.698177,3.4113,0.1759
938,-100,-110.0,40,1.0,10.5,-90.37,8.9311,-100,75.49,29.41,1.060912,0.635987,3.9098,0.1844
939,-100,-110.0,40,1.0,11.0,-90.38,9.2578,-100,77.23,27.31,1.148068,0.667427,3.4079,0.1663
940,-100,-110.0,40,1.0,11.5,-90.47,9.3578,-100,76.09,28.69,1.103681,0.6722,4.326,0.1436
941,-100,-110.0,40,1.0,12.0,-89.86,9.7376,-100,76.03,28.77,1.118008,0.61497,2.562,0.1866
942,-100,-110.0,40,1.0,12.5,-90.0,10.0257,-100,77.95,26.45,1.221432,0.748313,4.5679,0.1335
943,-100,-110.0,40,1.0,13.0,-89.28,10.5027,-100,76.59,28.1,1.187333,0.723757,4.7322,0.1539
944,-100,-110.0,40,1.0,13.5,-89.59,10.4517,-100,76.89,27.73,1.192711,0.707601,4.6351,0.1793
945,-100,-110.0,40,1.0,14.0,-89.31,10.8497,-100,78.84,25.39,1.305155,0.732222,3.5409,0.1476
946,-100,-110.0,40,1.25,1.0,-91.55,5.6423,-100,78.39,25.92,1.182134,0.687369,3.9383,0.1667
947,-100,-110.0,40,1.25,1.5,-91.98,5.5318,-100,77.5,27.01,1.128582,0.660425,4.0963,0.1545
948,-100,-110.0,40,1.25,2.0,-91.81,5.0255,-100,78.19,26.16,1.108445,0.672827,4.7041,0.1489
949,-100,-110.0,40,1.25,2.5,-92.22,5.4949,-100,76.95,27.65,1.084458,0.63264,2.9726,0.1852
950,-100,-110.0,40,1.25,3.0,-92.18,5.85,-100,77.91,26.49,1.129288,0.625946,2.5347,0.1722
954,-100,-110.0,40,1.25,5.0,-90.91,6.5173,-100,72.59,32.89,0.885074,0.554588,4.4539,0.2069
951,-100,-110.0,40,1.25,3.5,-91.58,5.7665,-100,76.19,28.58,1.07475,0.77689,6.9546,0.1339
952,-100,-110.0,40,1.25,4.0,-91.11,6.076,-100,76.86,27.77,1.111644,0.655881,4.92,0.1513
953,-100,-110.0,40,1.25,4.5,-91.18,6.0754,-100,78.35,25.98,1.217916,0.725713,3.7155,0.1336
955,-100,-110.0,40,1.25,5.5,-91.4,6.6192,-100,77.33,27.2,1.129974,0.69135,5.3773,0.1388
956,-100,-110.0,40,1.25,6.0,-90.7,7.105,-100,77.1,27.48,1.131765,0.672715,3.7189,0.1423
958,-100,-110.0,40,1.25,7.0,-90.44,7.8444,-100,77.01,27.59,1.085503,0.618235,3.0217,0.1917
957,-100,-110.0,40,1.25,6.5,-90.99,6.9355,-100,78.5,25.81,1.243797,0.732506,3.9414,0.1465
959,-100,-110.0,40,1.25,7.5,-90.69,7.8154,-100,78.21,26.14,1.27058,0.745611,4.5183,0.131
960,-100,-110.0,40,1.25,8.0,-90.52,8.0093,-100,78.03,26.37,1.205342,0.671359,2.6058,0.1731
962,-100,-110.0,40,1.25,9.0,-90.23,8.4921,-100,77.13,27.45,1.145277,0.70211,5.0254,0.1601
961,-100,-110.0,40,1.25,8.5,-90.06,8.1848,-100,77.57,26.93,1.170182,0.77455,5.9659,0.134
963,-100,-110.0,40,1.25,9.5,-89.85,8.9792,-100,78.4,25.93,1.272703,0.727458,3.4813,0.1635
964,-100,-110.0,40,1.25,10.0,-89.94,9.1714,-100,77.26,27.29,1.161812,0.714717,4.1737,0.138
965,-100,-110.0,40,1.25,10.5,-89.76,9.3913,-100,77.54,26.95,1.163921,0.813037,6.6146,0.1065
967,-100,-110.0,40,1.25,11.5,-89.44,9.8649,-100,77.49,27.01,1.174188,0.65407,2.4661,0.1852
966,-100,-110.0,40,1.25,11.0,-89.48,9.493,-100,77.26,27.28,1.173312,0.660908,3.2366,0.1761
968,-100,-110.0,40,1.25,12.0,-88.67,10.3879,-100,75.51,29.4,1.130328,0.82454,7.1441,0.122
969,-100,-110.0,40,1.25,12.5,-88.7,10.6624,-100,77.21,27.35,1.187735,0.671954,3.0035,0.1735
970,-100,-110.0,40,1.25,13.0,-88.38,10.7782,-100,78.52,25.78,1.249511,0.745267,4.0442,0.1374
971,-100,-110.0,40,1.25,13.5,-88.22,11.1768,-100,76.95,27.66,1.208892,0.718816,4.025,0.1642
972,-100,-110.0,40,1.25,14.0,-88.25,11.4557,-100,79.19,24.97,1.312867,0.737115,3.809,0.1515
973,-100,-110.0,40,1.5,1.0,-90.26,6.4537,-100,79.49,24.61,1.308665,0.848404,6.0907,0.1143
974,-100,-110.0,40,1.5,1.5,-90.69,6.3964,-100,78.99,25.21,1.25595,0.682144,3.1421,0.1474
975,-100,-110.0,40,1.5,2.0,-90.19,6.338,-100,78.38,25.95,1.203564,0.704797,3.9799,0.1494
977,-100,-110.0,40,1.5,3.0,-89.95,6.1814,-100,77.51,26.98,1.146033,0.666233,3.6894,0.1595
976,-100,-110.0,40,1.5,2.5,-90.03,6.4418,-100,78.38,25.95,1.198492,0.753328,5.2335,0.1217
978,-100,-110.0,40,1.5,3.5,-89.98,6.3257,-100,78.1,26.28,1.250658,0.718225,4.3313,0.1585
979,-100,-110.0,40,1.5,4.0,-89.94,7.1178,-100,77.86,26.57,1.176065,0.721216,4.1353,0.1406
980,-100,-110.0,40,1.5,4.5,-89.96,6.8816,-100,78.41,25.9,1.225315,0.749212,4.39,0.138
982,-100,-110.0,40,1.5,5.5,-89.76,7.3232,-100,78.05,26.34,1.201596,0.692563,3.757,0.1416
981,-100,-110.0,40,1.5,5.0,-90.16,7.0805,-100,77.73,26.72,1.166336,0.652315,2.5834,0.1812
983,-100,-110.0,40,1.5,6.0,-89.43,7.7014,-100,76.38,28.35,1.081064,0.633821,3.4643,0.1849
984,-100,-110.0,40,1.5,6.5,-89.66,7.9439,-100,78.79,25.45,1.254921,0.695711,3.2626,0.1654
985,-100,-110.0,40,1.5,7.0,-89.99,7.888,-100,77.43,27.08,1.159752,0.691225,3.6594,0.1314
986,-100,-110.0,40,1.5,7.5,-89.19,8.3961,-100,76.32,28.42,1.055743,0.633581,3.5802,0.1763
988,-100,-110.0,40,1.5,8.5,-89.34,8.9157,-100,77.56,26.92,1.148896,0.696769,4.311,0.1637
987,-100,-110.0,40,1.5,8.0,-88.78,8.7113,-100,77.26,27.29,1.143846,0.638608,1.9442,0.1891
989,-100,-110.0,40,1.5,9.0,-88.44,9.5007,-100,77.77,26.67,1.200286,0.729061,4.4767,0.1555
990,-100,-110.0,40,1.5,9.5,-88.98,9.2697,-100,77.34,27.18,1.162379,0.762428,5.4975,0.1364
992,-100,-110.0,40,1.5,10.5,-88.49,10.0419,-100,76.37,28.35,1.099345,0.641778,3.1111,0.1901
991,-100,-110.0,40,1.5,10.0,-88.32,9.989,-100,78.29,26.05,1.24673,0.682967,2.4494,0.1775
994,-100,-110.0,40,1.5,11.5,-87.99,10.7656,-100,77.63,26.84,1.175131,0.661042,2.6411,0.1874
993,-100,-110.0,40,1.5,11.0,-88.01,10.2272,-100,77.43,27.08,1.184933,0.755593,5.3083,0.1323
995,-100,-110.0,40,1.5,12.0,-87.73,10.7831,-100,77.72,26.73,1.234213,0.763074,4.5087,0.1613
996,-100,-110.0,40,1.5,12.5,-87.56,11.0798,-100,78.58,25.71,1.226077,0.684052,2.9933,0.1776
998,-100,-110.0,40,1.5,13.5,-87.44,11.6421,-100,76.98,27.63,1.158963,0.683005,3.8419,0.1809
997,-100,-110.0,40,1.5,13.0,-87.45,11.4179,-100,78.73,25.53,1.272001,0.714045,3.2169,0.1667
999,-100,-110.0,40,1.5,14.0,-87.16,11.9986,-100,78.83,25.39,1.31491,0.74732,3.9459,0.1307
1001,-100,-110.0,40,1.75,1.5,-89.41,7.029,-100,78.7,25.56,1.231898,0.867432,6.119,0.112
1000,-100,-110.0,40,1.75,1.0,-88.82,6.6916,-100,78.0,26.39,1.164889,0.668897,3.1654,0.1781
1002,-100,-110.0,40,1.75,2.0,-88.69,6.9388,-100,77.79,26.65,1.179546,0.691244,3.7003,0.1759
1003,-100,-110.0,40,1.75,2.5,-89.14,7.0141,-100,78.75,25.5,1.235291,0.730806,3.9365,0.152
1004,-100,-110.0,40,1.75,3.0,-88.6,7.2401,-100,77.64,26.84,1.114361,0.662171,3.872,0.1681
1005,-100,-110.0,40,1.75,3.5,-88.7,7.3062,-100,76.32,28.41,1.057635,0.663656,4.0362,0.1326
1006,-100,-110.0,40,1.75,4.0,-88.46,7.067,-100,78.79,25.45,1.215276,0.68968,3.2888,0.1629
1007,-100,-110.0,40,1.75,4.5,-88.17,7.7916,-100,77.17,27.39,1.157463,0.6585,3.2131,0.1909
1008,-100,-110.0,40,1.75,5.0,-88.54,8.2715,-100,77.06,27.53,1.126236,0.743919,5.6737,0.1387
1009,-100,-110.0,40,1.75,5.5,-87.96,8.4446,-100,78.75,25.49,1.214328,0.851503,6.7267,0.1032
1010,-100,-110.0,40,1.75,6.0,-88.29,8.2025,-100,78.0,26.41,1.237814,0.681477,2.8892,0.1777
1011,-100,-110.0,40,1.75,6.5,-88.08,8.2573,-100,77.79,26.65,1.205137,0.750797,4.7103,0.1263
1013,-100,-110.0,40,1.75,7.5,-87.67,9.2988,-100,76.88,27.75,1.115533,0.729211,5.3412,0.1574
1012,-100,-110.0,40,1.75,7.0,-87.9,9.0201,-100,76.93,27.67,1.13217,0.665993,3.6043,0.1607
1014,-100,-110.0,40,1.75,8.0,-87.71,9.2865,-100,78.35,25.99,1.199712,0.697014,3.2357,0.1544
1015,-100,-110.0,40,1.75,8.5,-87.06,9.4045,-100,78.05,26.33,1.212636,0.715221,3.7236,0.147
1016,-100,-110.0,40,1.75,9.0,-87.48,9.9753,-100,78.71,25.55,1.237348,0.730166,3.4293,0.1556
1017,-100,-110.0,40,1.75,9.5,-87.41,10.1757,-100,78.41,25.91,1.313063,0.855904,6.5437,0.1323
1018,-100,-110.0,40,1.75,10.0,-87.38,10.2691,-100,78.94,25.28,1.339945,0.823963,5.0979,0.1211
1019,-100,-110.0,40,1.75,10.5,-87.37,10.4338,-100,77.9,26.53,1.211089,0.78614,5.7566,0.146
1020,-100,-110.0,40,1.75,11.0,-86.89,10.8076,-100,76.61,28.07,1.13096,0.683596,3.8756,0.1773
1024,-100,-110.0,40,1.75,13.0,-86.18,12.0974,-100,76.45,28.27,1.151484,0.712389,4.8095,0.1687
1021,-100,-110.0,40,1.75,11.5,-87.0,11.1602,-100,78.79,25.45,1.321878,0.822937,4.9863,0.1378
1022,-100,-110.0,40,1.75,12.0,-86.66,11.3508,-100,77.11,27.48,1.166835,0.681098,3.4075,0.1798
1026,-100,-110.0,40,1.75,14.0,-85.98,12.5959,-100,74.22,30.93,1.052791,0.669879,5.4101,0.1914
1023,-100,-110.0,40,1.75,12.5,-86.29,12.0008,-100,78.66,25.61,1.282595,0.722079,3.1608,0.1659
1025,-100,-110.0,40,1.75,13.5,-86.18,12.3067,-100,78.05,26.34,1.249923,0.694568,2.467,0.1851
1027,-100,-110.0,40,2.0,1.0,-86.77,7.8702,-100,77.98,26.42,1.168243,0.739731,4.5856,0.1382
1028,-100,-110.0,40,2.0,1.5,-87.02,7.6972,-100,77.22,27.34,1.160949,0.732799,5.1158,0.1418
1029,-100,-110.0,40,2.0,2.0,-87.12,8.1543,-100,78.24,26.11,1.209348,0.773274,4.9415,0.1387
1030,-100,-110.0,40,2.0,2.5,-86.93,8.1543,-100,78.33,26.0,1.171737,0.707342,3.2568,0.1514
1031,-100,-110.0,40,2.0,3.0,-87.49,8.3932,-100,77.96,26.45,1.14425,0.712789,4.145,0.157
1032,-100,-110.0,40,2.0,3.5,-87.35,8.1802,-100,77.64,26.84,1.141397,0.682331,3.6447,0.1794
1036,-100,-110.0,40,2.0,5.5,-86.97,8.5244,-100,78.79,25.46,1.345595,0.889655,6.4716,0.1466
1034,-100,-110.0,40,2.0,4.5,-86.91,8.8864,-100,78.43,25.89,1.14906,0.677452,3.2688,0.1625
1035,-100,-110.0,40,2.0,5.0,-87.09,8.703,-100,78.37,25.95,1.246769,0.704463,2.9817,0.1503
1033,-100,-110.0,40,2.0,4.0,-87.44,8.4739,-100,77.81,26.63,1.21789,0.691251,2.5164,0.1764
1037,-100,-110.0,40,2.0,6.0,-86.74,8.8477,-100,78.43,25.89,1.249527,0.832649,5.7089,0.1402
1038,-100,-110.0,40,2.0,6.5,-86.81,9.1564,-100,78.45,25.86,1.258948,0.749161,4.0844,0.152
1039,-100,-110.0,40,2.0,7.0,-86.73,9.8331,-100,74.44,30.67,0.988343,0.625062,3.9113,0.1785
1040,-100,-110.0,40,2.0,7.5,-85.98,9.7033,-100,78.73,25.51,1.288529,0.765232,4.5114,0.1286
1041,-100,-110.0,40,2.0,8.0,-86.23,10.1486,-100,78.34,25.99,1.242591,0.740351,3.6285,0.1579
1042,-100,-110.0,40,2.0,8.5,-85.79,10.3891,-100,78.5,25.8,1.310843,0.772889,3.9494,0.1605
1043,-100,-110.0,40,2.0,9.0,-86.13,10.7192,-100,77.7,26.76,1.184132,0.709303,3.6825,0.1599
1044,-100,-110.0,40,2.0,9.5,-85.82,10.8015,-100,76.21,28.54,1.07233,0.628174,3.2052,0.1835
1045,-100,-110.0,40,2.0,10.0,-85.63,11.0895,-100,78.79,25.45,1.309256,0.770043,4.4554,0.1592
1047,-100,-110.0,40,2.0,11.0,-85.61,11.5554,-100,76.44,28.28,1.124994,0.709192,4.7993,0.163
1048,-100,-110.0,40,2.0,11.5,-85.56,12.0166,-100,77.24,27.3,1.186932,0.724018,4.0103,0.1555
1046,-100,-110.0,40,2.0,10.5,-85.61,11.5536,-100,77.01,27.58,1.14437,0.694104,3.9121,0.1664
1049,-100,-110.0,40,2.0,12.0,-85.09,12.2595,-100,78.1,26.28,1.238467,0.732203,4.0863,0.1406
1050,-100,-110.0,40,2.0,12.5,-85.19,12.5257,-100,78.8,25.45,1.258998,0.814356,5.1577,0.1546
1051,-100,-110.0,40,2.0,13.0,-85.11,12.6624,-100,77.82,26.62,1.208907,0.686394,3.1539,0.1777
1052,-100,-110.0,40,2.0,13.5,-85.01,13.0157,-100,75.76,29.08,1.152728,0.791716,6.0507,0.1323
1053,-100,-110.0,40,2.0,14.0,-84.59,13.2585,-100,78.61,25.67,1.23503,0.714661,3.4122,0.1649
1054,-100,-110.0,40,2.25,1.0,-85.86,8.9665,-100,78.17,26.21,1.16159,0.749925,5.1582,0.1351
1055,-100,-110.0,40,2.25,1.5,-85.65,9.3097,-100,77.19,27.38,1.156205,0.7312,4.4012,0.1308
1056,-100,-110.0,40,2.25,2.0,-85.75,9.0818,-100,77.42,27.1,1.154481,0.693747,3.4844,0.1608
1057,-100,-110.0,40,2.25,2.5,-85.24,8.891,-100,75.88,28.95,1.082611,0.70606,5.0833,0.1666
1058,-100,-110.0,40,2.25,3.0,-85.65,9.6,-100,77.26,27.3,1.127929,0.698227,4.388,0.1562
1059,-100,-110.0,40,2.25,3.5,-85.68,9.4803,-100,78.47,25.84,1.19277,0.691105,2.7594,0.1504
1060,-100,-110.0,40,2.25,4.0,-85.19,9.5692,-100,76.42,28.3,1.100556,0.686541,4.5865,0.1648
1062,-100,-110.0,40,2.25,5.0,-85.39,9.7347,-100,77.12,27.46,1.147456,0.72102,4.4359,0.145
1061,-100,-110.0,40,2.25,4.5,-85.39,9.5613,-100,78.03,26.36,1.206513,0.702284,2.8582,0.1828
1063,-100,-110.0,40,2.25,5.5,-85.3,9.9776,-100,77.85,26.58,1.19095,0.849489,6.0706,0.1237
1064,-100,-110.0,40,2.25,6.0,-85.46,10.1454,-100,76.3,28.43,1.070709,0.675842,4.3068,0.1573
1065,-100,-110.0,40,2.25,6.5,-84.74,9.9827,-100,78.57,25.7,1.228091,0.745224,3.9931,0.1502
1066,-100,-110.0,40,2.25,7.0,-85.51,10.6998,-100,77.46,27.05,1.156964,0.68179,3.4936,0.1425
1067,-100,-110.0,40,2.25,7.5,-84.59,10.4765,-100,77.84,26.59,1.184408,0.680263,2.7235,0.148
