id,RX_SENSITIVITY_DBM,RSSI_INFLECTION_POINT,TRANSMITTING_RANGE,PATH_LOSS_EXPONENT,AWGN_SIGMA,mean_rssi_dbm,loss_rate_pct,throughput_pkt_s,mean_delay_s
2,-100,-60.0,25.0,2.0,2.5,-69.6967,99.39,0.49,4.0083
3,-100,-60.0,25.0,2.0,4.0,-71.6267,99.32,0.54,1.5372
1,-100,-60.0,25.0,2.0,1.0,-66.75,99.96,0.03,1.2143
5,-100,-60.0,25.0,2.0,7.0,-69.6733,80.9,15.28,1.2453
9,-100,-60.0,25.0,2.5,2.5,-63.8833,78.32,17.35,0.6298
6,-100,-60.0,25.0,2.0,8.5,-69.3467,75.01,19.99,1.1099
8,-100,-60.0,25.0,2.5,1.0,-64.0633,87.88,9.7,1.142
4,-100,-60.0,25.0,2.0,5.5,-69.26,81.52,14.78,0.9625
11,-100,-60.0,25.0,2.5,5.5,-68.6967,76.08,19.14,0.6947
10,-100,-60.0,25.0,2.5,4.0,-64.5533,78.96,16.83,0.8354
7,-100,-60.0,25.0,2.0,10.0,-72.8233,75.92,19.27,1.1318
12,-100,-60.0,25.0,2.5,7.0,-64.07,51.92,38.47,0.7316
14,-100,-60.0,25.0,2.5,10.0,-69.32,71.58,22.74,1.2165
13,-100,-60.0,25.0,2.5,8.5,-64.14,55.03,35.98,0.7115
16,-100,-60.0,25.0,3.0,2.5,-58.36,45.91,43.27,0.4547
15,-100,-60.0,25.0,3.0,1.0,-57.2167,48.81,40.96,0.3986
18,-100,-60.0,25.0,3.0,5.5,-57.5433,40.02,47.99,0.5126
17,-100,-60.0,25.0,3.0,4.0,-57.5,32.67,53.87,0.3542
19,-100,-60.0,25.0,3.0,7.0,-57.9467,37.84,49.72,0.4683
22,-100,-60.0,25.0,3.5,1.0,-51.4367,21.58,62.74,0.1836
20,-100,-60.0,25.0,3.0,8.5,-57.4567,38.26,49.39,0.5503
23,-100,-60.0,25.0,3.5,2.5,-51.86,24.55,60.36,0.2127
21,-100,-60.0,25.0,3.0,10.0,-59.6267,35.27,51.79,0.4463
24,-100,-60.0,25.0,3.5,4.0,-52.1567,30.31,55.76,0.3934
25,-100,-60.0,25.0,3.5,5.5,-52.1067,26.28,58.98,0.3463
26,-100,-60.0,25.0,3.5,7.0,-51.2733,24.63,60.3,0.312
27,-100,-60.0,25.0,3.5,8.5,-49.08,20.49,63.62,0.2394
29,-100,-60.0,25.0,4.0,1.0,-46.1467,23.61,61.12,0.2027
30,-100,-60.0,25.0,4.0,2.5,-44.3867,20.04,63.97,0.1572
31,-100,-60.0,25.0,4.0,4.0,-47.06,20.01,63.99,0.1599
28,-100,-60.0,25.0,3.5,10.0,-52.12,24.24,60.62,0.3329
32,-100,-60.0,25.0,4.0,5.5,-44.6467,20.02,63.98,0.1446
33,-100,-60.0,25.0,4.0,7.0,-43.13,20.05,63.97,0.1717
36,-100,-60.0,30.0,2.0,1.0,-65.385,90.17,7.87,1.0258
34,-100,-60.0,25.0,4.0,8.5,-48.15,20.16,63.88,0.2279
35,-100,-60.0,25.0,4.0,10.0,-44.47,20.04,63.98,0.1923
38,-100,-60.0,30.0,2.0,4.0,-68.96,90.93,7.26,1.5781
39,-100,-60.0,30.0,2.0,5.5,-70.5433,92.12,6.3,1.5738
37,-100,-60.0,30.0,2.0,2.5,-68.75,97.61,1.91,1.0224
43,-100,-60.0,30.0,2.5,1.0,-62.0433,72.38,22.1,0.3168
40,-100,-60.0,30.0,2.0,7.0,-70.1933,75.1,19.92,0.9819
41,-100,-60.0,30.0,2.0,8.5,-70.1233,67.78,25.77,0.8251
44,-100,-60.0,30.0,2.5,2.5,-62.6767,70.58,23.54,0.3814
42,-100,-60.0,30.0,2.0,10.0,-70.57,67.82,25.74,0.9532
46,-100,-60.0,30.0,2.5,5.5,-63.3167,52.21,38.24,0.5184
45,-100,-60.0,30.0,2.5,4.0,-62.0467,53.97,36.83,0.4636
47,-100,-60.0,30.0,2.5,7.0,-60.6467,40.59,47.54,0.5013
48,-100,-60.0,30.0,2.5,8.5,-62.5833,42.78,45.79,0.6399
49,-100,-60.0,30.0,2.5,10.0,-66.4933,52.76,37.8,0.7613
50,-100,-60.0,30.0,3.0,1.0,-55.0033,39.5,48.41,0.2817
51,-100,-60.0,30.0,3.0,2.5,-57.2767,38.67,49.07,0.2701
52,-100,-60.0,30.0,3.0,4.0,-53.4533,28.86,56.92,0.3017
54,-100,-60.0,30.0,3.0,7.0,-57.7433,44.78,44.18,0.4546
58,-100,-60.0,30.0,3.5,2.5,-47.7767,20.04,63.97,0.1394
53,-100,-60.0,30.0,3.0,5.5,-55.4433,24.55,60.37,0.3418
57,-100,-60.0,30.0,3.5,1.0,-49.8233,20.8,63.36,0.1789
55,-100,-60.0,30.0,3.0,8.5,-55.0233,25.82,59.34,0.3815
56,-100,-60.0,30.0,3.0,10.0,-57.41,24.84,60.13,0.4053
59,-100,-60.0,30.0,3.5,4.0,-49.1667,20.53,63.59,0.2329
60,-100,-60.0,30.0,3.5,5.5,-49.9467,20.65,63.48,0.2067
61,-100,-60.0,30.0,3.5,7.0,-52.2767,23.31,61.36,0.3323
62,-100,-60.0,30.0,3.5,8.5,-48.7833,20.37,63.71,0.2637
63,-100,-60.0,30.0,3.5,10.0,-49.7233,20.11,63.93,0.2639
64,-100,-60.0,30.0,4.0,1.0,-42.53,20.02,63.98,0.1437
71,-100,-60.0,35.0,2.0,1.0,-65.4733,99.0,0.8,3.6649
65,-100,-60.0,30.0,4.0,2.5,-38.2933,20.04,63.98,0.1947
68,-100,-60.0,30.0,4.0,7.0,-44.2033,20.04,63.98,0.1663
67,-100,-60.0,30.0,4.0,5.5,-41.3233,20.04,63.98,0.1679
66,-100,-60.0,30.0,4.0,4.0,-42.3767,20.04,63.97,0.1485
72,-100,-60.0,35.0,2.0,2.5,-68.6133,98.42,1.27,1.0341
70,-100,-60.0,30.0,4.0,10.0,-42.4933,20.03,63.98,0.1571
69,-100,-60.0,30.0,4.0,8.5,-43.0533,20.03,63.98,0.1637
73,-100,-60.0,35.0,2.0,4.0,-70.2833,97.4,2.08,1.0696
74,-100,-60.0,35.0,2.0,5.5,-68.24,81.61,14.71,1.2378
75,-100,-60.0,35.0,2.0,7.0,-67.5267,67.03,26.38,0.7374
76,-100,-60.0,35.0,2.0,8.5,-70.93,77.27,18.18,1.1097
77,-100,-60.0,35.0,2.0,10.0,-69.47,72.26,22.2,1.3856
80,-100,-60.0,35.0,2.5,4.0,-61.0567,54.76,36.19,0.5722
79,-100,-60.0,35.0,2.5,2.5,-61.0267,55.66,35.47,0.4287
78,-100,-60.0,35.0,2.5,1.0,-57.6767,47.81,41.75,0.3983
81,-100,-60.0,35.0,2.5,5.5,-57.9767,32.62,53.91,0.4645
83,-100,-60.0,35.0,2.5,8.5,-63.61,53.17,37.47,0.5967
84,-100,-60.0,35.0,2.5,10.0,-60.7667,36.96,50.43,0.6062
82,-100,-60.0,35.0,2.5,7.0,-60.46,40.67,47.47,0.5982
85,-100,-60.0,35.0,3.0,1.0,-53.6067,24.52,60.39,0.2072
86,-100,-60.0,35.0,3.0,2.5,-53.1267,27.79,57.78,0.3105
87,-100,-60.0,35.0,3.0,4.0,-53.15,26.61,58.72,0.304
92,-100,-60.0,35.0,3.5,1.0,-46.2367,20.04,63.97,0.1399
88,-100,-60.0,35.0,3.0,5.5,-54.6367,32.73,53.82,0.443
89,-100,-60.0,35.0,3.0,7.0,-54.3467,33.93,52.86,0.4702
94,-100,-60.0,35.0,3.5,4.0,-45.44,20.03,63.98,0.1413
90,-100,-60.0,35.0,3.0,8.5,-55.8767,25.6,59.52,0.3456
93,-100,-60.0,35.0,3.5,2.5,-47.2767,20.8,63.37,0.2017
91,-100,-60.0,35.0,3.0,10.0,-56.58,24.72,60.23,0.3647
95,-100,-60.0,35.0,3.5,5.5,-47.2433,20.6,63.53,0.2265
96,-100,-60.0,35.0,3.5,7.0,-49.67,22.36,62.11,0.243
97,-100,-60.0,35.0,3.5,8.5,-45.33,20.04,63.97,0.1771
98,-100,-60.0,35.0,3.5,10.0,-45.24,20.05,63.97,0.1995
99,-100,-60.0,35.0,4.0,1.0,-37.94,20.04,63.97,0.1491
100,-100,-60.0,35.0,4.0,2.5,-38.53,20.03,63.98,0.185
106,-100,-60.0,40.0,2.0,1.0,-67.06,93.16,5.47,1.0356
102,-100,-60.0,35.0,4.0,5.5,-38.76,20.02,63.99,0.16
101,-100,-60.0,35.0,4.0,4.0,-41.5667,20.03,63.99,0.1975
107,-100,-60.0,40.0,2.0,2.5,-66.0367,90.79,7.37,0.8664
103,-100,-60.0,35.0,4.0,7.0,-36.79,20.04,63.98,0.1585
104,-100,-60.0,35.0,4.0,8.5,-42.3933,20.05,63.96,0.1786
105,-100,-60.0,35.0,4.0,10.0,-44.5367,20.19,63.85,0.1852
108,-100,-60.0,40.0,2.0,4.0,-66.72,80.99,15.21,0.7585
109,-100,-60.0,40.0,2.0,5.5,-69.3467,89.95,8.04,1.046
110,-100,-60.0,40.0,2.0,7.0,-67.4167,66.9,26.48,0.9104
111,-100,-60.0,40.0,2.0,8.5,-67.22,58.73,33.02,0.7062
113,-100,-60.0,40.0,2.5,1.0,-58.3,56.54,34.77,0.3574
112,-100,-60.0,40.0,2.0,10.0,-67.23,53.6,37.12,0.7063
115,-100,-60.0,40.0,2.5,4.0,-60.62,46.39,42.89,0.5939
114,-100,-60.0,40.0,2.5,2.5,-58.42,40.57,47.55,0.5047
116,-100,-60.0,40.0,2.5,5.5,-60.32,43.3,45.37,0.3839
118,-100,-60.0,40.0,2.5,8.5,-60.9233,45.9,43.28,0.7229
117,-100,-60.0,40.0,2.5,7.0,-55.82,25.95,59.25,0.358
120,-100,-60.0,40.0,3.0,1.0,-51.0967,40.65,47.49,0.1832
119,-100,-60.0,40.0,2.5,10.0,-57.6567,33.85,52.92,0.541
121,-100,-60.0,40.0,3.0,2.5,-51.5533,21.71,62.64,0.2223
122,-100,-60.0,40.0,3.0,4.0,-51.0,21.49,62.81,0.2327
123,-100,-60.0,40.0,3.0,5.5,-56.5467,33.49,53.22,0.333
127,-100,-60.0,40.0,3.5,1.0,-45.1033,20.03,63.98,0.1563
124,-100,-60.0,40.0,3.0,7.0,-51.1533,20.19,63.86,0.239
125,-100,-60.0,40.0,3.0,8.5,-57.4633,33.68,53.06,0.4942
128,-100,-60.0,40.0,3.5,2.5,-47.9233,20.1,63.93,0.1771
126,-100,-60.0,40.0,3.0,10.0,-50.3933,20.24,63.8,0.2337
129,-100,-60.0,40.0,3.5,4.0,-42.1233,20.04,63.97,0.152
130,-100,-60.0,40.0,3.5,5.5,-41.8367,20.03,63.98,0.1509
132,-100,-60.0,40.0,3.5,8.5,-44.5967,20.04,63.97,0.1762
131,-100,-60.0,40.0,3.5,7.0,-45.2233,20.18,63.86,0.1987
133,-100,-60.0,40.0,3.5,10.0,-45.5767,20.04,63.97,0.1998
134,-100,-60.0,40.0,4.0,1.0,-40.0067,20.05,63.97,0.2098
142,-100,-60.0,45.0,2.0,2.5,-66.1867,90.36,7.71,1.6272
135,-100,-60.0,40.0,4.0,2.5,-36.5933,20.02,63.99,0.1524
141,-100,-60.0,45.0,2.0,1.0,-62.4067,84.66,12.27,0.7976
136,-100,-60.0,40.0,4.0,4.0,-35.5733,20.03,63.98,0.1338
137,-100,-60.0,40.0,4.0,5.5,-34.9133,20.01,64.0,0.1983
138,-100,-60.0,40.0,4.0,7.0,-36.63,20.03,63.97,0.1537
144,-100,-60.0,45.0,2.0,5.5,-67.75,85.16,11.87,1.4989
139,-100,-60.0,40.0,4.0,8.5,-40.4967,20.03,63.98,0.1937
140,-100,-60.0,40.0,4.0,10.0,-34.0633,20.01,63.99,0.1441
143,-100,-60.0,45.0,2.0,4.0,-68.2367,87.24,10.21,1.0051
145,-100,-60.0,45.0,2.0,7.0,-65.01,60.79,31.37,0.9357
146,-100,-60.0,45.0,2.0,8.5,-66.45,59.55,32.37,0.9362
148,-100,-60.0,45.0,2.5,1.0,-54.9667,47.0,42.41,0.2311
147,-100,-60.0,45.0,2.0,10.0,-66.5667,54.27,36.58,0.8582
150,-100,-60.0,45.0,2.5,4.0,-56.7967,31.74,54.61,0.3583
149,-100,-60.0,45.0,2.5,2.5,-56.49,31.94,54.45,0.4571
151,-100,-60.0,45.0,2.5,5.5,-58.9067,40.78,47.37,0.6686
155,-100,-60.0,45.0,3.0,1.0,-48.78,20.03,63.98,0.1378
153,-100,-60.0,45.0,2.5,8.5,-58.4833,37.58,49.94,0.4901
152,-100,-60.0,45.0,2.5,7.0,-57.4,25.65,59.48,0.3728
156,-100,-60.0,45.0,3.0,2.5,-49.7133,20.07,63.96,0.1728
154,-100,-60.0,45.0,2.5,10.0,-56.21,28.09,57.54,0.3896
157,-100,-60.0,45.0,3.0,4.0,-50.1167,25.38,59.7,0.2593
158,-100,-60.0,45.0,3.0,5.5,-48.6533,20.06,63.96,0.1801
159,-100,-60.0,45.0,3.0,7.0,-50.44,20.03,63.98,0.1855
160,-100,-60.0,45.0,3.0,8.5,-50.46,21.06,63.16,0.2429
164,-100,-60.0,45.0,3.5,4.0,-43.4033,20.03,63.98,0.1515
162,-100,-60.0,45.0,3.5,1.0,-39.45,20.03,63.98,0.1378
163,-100,-60.0,45.0,3.5,2.5,-40.6567,20.04,63.98,0.1343
165,-100,-60.0,45.0,3.5,5.5,-43.4967,20.04,63.98,0.1403
161,-100,-60.0,45.0,3.0,10.0,-50.3833,22.73,61.81,0.2539
166,-100,-60.0,45.0,3.5,7.0,-43.1233,20.01,63.99,0.1671
167,-100,-60.0,45.0,3.5,8.5,-40.8633,20.02,63.99,0.1508
168,-100,-60.0,45.0,3.5,10.0,-43.86,20.21,63.84,0.1999
169,-100,-60.0,45.0,4.0,1.0,-31.5033,20.02,63.99,0.1483
170,-100,-60.0,45.0,4.0,2.5,-36.8967,20.04,63.98,0.1553
171,-100,-60.0,45.0,4.0,4.0,-34.9867,20.03,63.98,0.1462
172,-100,-60.0,45.0,4.0,5.5,-34.53,20.03,63.98,0.1456
176,-100,-60.0,50.0,2.0,1.0,-64.6067,88.96,8.84,0.7084
177,-100,-60.0,50.0,2.0,2.5,-61.87,67.87,25.71,0.6722
173,-100,-60.0,45.0,4.0,7.0,-33.1433,20.04,63.98,0.1392
178,-100,-60.0,50.0,2.0,4.0,-62.89,72.68,21.86,0.9836
174,-100,-60.0,45.0,4.0,8.5,-37.5767,20.03,63.98,0.1833
175,-100,-60.0,45.0,4.0,10.0,-37.0467,20.04,63.98,0.1462
179,-100,-60.0,50.0,2.0,5.5,-66.8267,70.21,23.83,0.882
180,-100,-60.0,50.0,2.0,7.0,-65.9733,68.21,25.43,1.154
181,-100,-60.0,50.0,2.0,8.5,-63.2267,50.04,39.97,0.7437
182,-100,-60.0,50.0,2.0,10.0,-62.12,38.92,48.87,0.4961
183,-100,-60.0,50.0,2.5,1.0,-54.4567,28.19,57.46,0.314
184,-100,-60.0,50.0,2.5,2.5,-55.25,28.27,57.38,0.3339
185,-100,-60.0,50.0,2.5,4.0,-56.1767,37.95,49.64,0.5447
186,-100,-60.0,50.0,2.5,5.5,-58.7433,45.49,43.61,0.5872
190,-100,-60.0,50.0,3.0,1.0,-50.5333,20.04,63.98,0.1915
187,-100,-60.0,50.0,2.5,7.0,-54.7933,25.91,59.28,0.3695
191,-100,-60.0,50.0,3.0,2.5,-51.91,20.04,63.98,0.1941
188,-100,-60.0,50.0,2.5,8.5,-58.5733,33.96,52.83,0.4554
189,-100,-60.0,50.0,2.5,10.0,-61.4733,38.77,48.99,0.5633
192,-100,-60.0,50.0,3.0,4.0,-49.25,20.05,63.96,0.1709
193,-100,-60.0,50.0,3.0,5.5,-51.1133,21.79,62.57,0.2283
194,-100,-60.0,50.0,3.0,7.0,-47.71,20.03,63.97,0.1746
195,-100,-60.0,50.0,3.0,8.5,-45.7333,20.05,63.97,0.1981
197,-100,-60.0,50.0,3.5,1.0,-40.26,20.02,63.99,0.1507
198,-100,-60.0,50.0,3.5,2.5,-47.1067,20.08,63.95,0.1762
196,-100,-60.0,50.0,3.0,10.0,-53.42,24.94,60.05,0.3497
199,-100,-60.0,50.0,3.5,4.0,-40.9533,20.04,63.98,0.1467
200,-100,-60.0,50.0,3.5,5.5,-41.4567,20.06,63.95,0.1606
201,-100,-60.0,50.0,3.5,7.0,-39.5367,20.05,63.97,0.1605
202,-100,-60.0,50.0,3.5,8.5,-41.9833,20.04,63.97,0.1558
203,-100,-60.0,50.0,3.5,10.0,-40.9,20.04,63.98,0.1637
204,-100,-60.0,50.0,4.0,1.0,-33.7033,20.04,63.98,0.1343
205,-100,-60.0,50.0,4.0,2.5,-28.61,20.04,63.97,0.1319
206,-100,-60.0,50.0,4.0,4.0,-33.7933,20.04,63.98,0.1442
211,-100,-60.0,55.0,2.0,1.0,-65.2467,85.27,11.78,0.7692
212,-100,-60.0,55.0,2.0,2.5,-62.5167,69.95,24.04,0.3908
207,-100,-60.0,50.0,4.0,5.5,-33.2667,20.03,63.98,0.1455
208,-100,-60.0,50.0,4.0,7.0,-33.9067,20.02,63.99,0.149
213,-100,-60.0,55.0,2.0,4.0,-66.0333,81.39,14.89,1.1481
209,-100,-60.0,50.0,4.0,8.5,-30.5033,20.02,63.99,0.1437
210,-100,-60.0,50.0,4.0,10.0,-32.1,20.04,63.97,0.1635
214,-100,-60.0,55.0,2.0,5.5,-65.24,63.24,29.41,0.7511
215,-100,-60.0,55.0,2.0,7.0,-66.0167,62.47,30.02,0.7825
216,-100,-60.0,55.0,2.0,8.5,-65.5767,55.56,35.55,0.7931
217,-100,-60.0,55.0,2.0,10.0,-63.8533,48.47,41.22,0.7059
218,-100,-60.0,55.0,2.5,1.0,-56.4367,44.77,44.18,0.2157
219,-100,-60.0,55.0,2.5,2.5,-56.4833,42.18,46.26,0.267
223,-100,-60.0,55.0,2.5,8.5,-55.41,32.76,53.8,0.4349
220,-100,-60.0,55.0,2.5,4.0,-57.8133,37.25,50.21,0.402
225,-100,-60.0,55.0,3.0,1.0,-47.9867,20.04,63.98,0.1463
222,-100,-60.0,55.0,2.5,7.0,-55.52,28.11,57.51,0.3849
227,-100,-60.0,55.0,3.0,4.0,-47.5733,20.03,63.98,0.1356
221,-100,-60.0,55.0,2.5,5.5,-58.9167,41.4,46.88,0.5824
224,-100,-60.0,55.0,2.5,10.0,-55.0267,26.84,58.54,0.376
226,-100,-60.0,55.0,3.0,2.5,-51.46,21.35,62.92,0.228
228,-100,-60.0,55.0,3.0,5.5,-47.5067,21.65,62.69,0.2379
229,-100,-60.0,55.0,3.0,7.0,-48.5467,20.03,63.98,0.1768
230,-100,-60.0,55.0,3.0,8.5,-48.5067,20.1,63.93,0.2157
233,-100,-60.0,55.0,3.5,2.5,-40.9467,20.02,63.99,0.1442
232,-100,-60.0,55.0,3.5,1.0,-39.2,20.03,63.98,0.152
231,-100,-60.0,55.0,3.0,10.0,-46.9367,20.27,63.79,0.2319
234,-100,-60.0,55.0,3.5,4.0,-39.72,20.04,63.98,0.1572
235,-100,-60.0,55.0,3.5,5.5,-39.2067,20.02,63.99,0.1467
236,-100,-60.0,55.0,3.5,7.0,-44.5567,20.02,63.99,0.1779
238,-100,-60.0,55.0,3.5,10.0,-38.3,20.04,63.98,0.1674
237,-100,-60.0,55.0,3.5,8.5,-40.79,20.02,63.98,0.149
239,-100,-60.0,55.0,4.0,1.0,-36.2,20.03,63.99,0.156
240,-100,-60.0,55.0,4.0,2.5,-31.83,20.04,63.98,0.1479
241,-100,-60.0,55.0,4.0,4.0,-31.82,20.04,63.97,0.1315
242,-100,-60.0,55.0,4.0,5.5,-30.3433,20.04,63.98,0.151
246,-100,-55.0,25.0,2.0,1.0,,100.0,0.0,0.0
247,-100,-55.0,25.0,2.0,2.5,-68.1,99.99,0.01,1.2615
249,-100,-55.0,25.0,2.0,5.5,-69.8033,98.66,1.07,1.2756
248,-100,-55.0,25.0,2.0,4.0,-64.24,95.51,3.59,0.9761
250,-100,-55.0,25.0,2.0,7.0,-73.8367,98.64,1.09,1.1488
251,-100,-55.0,25.0,2.0,8.5,-71.5367,92.73,5.81,1.3581
243,-100,-60.0,55.0,4.0,7.0,-31.0867,20.03,63.99,0.1663
244,-100,-60.0,55.0,4.0,8.5,-33.77,20.03,63.98,0.1493
245,-100,-60.0,55.0,4.0,10.0,-29.0667,20.02,63.99,0.1781
252,-100,-55.0,25.0,2.0,10.0,-69.6033,85.53,11.58,1.6337
253,-100,-55.0,25.0,2.5,1.0,-61.82,97.08,2.34,1.0983
254,-100,-55.0,25.0,2.5,2.5,-62.1133,96.94,2.45,1.1326
255,-100,-55.0,25.0,2.5,4.0,-60.54,76.59,18.73,0.7374
256,-100,-55.0,25.0,2.5,5.5,-65.1067,82.64,13.89,0.9565
258,-100,-55.0,25.0,2.5,8.5,-66.9567,83.55,13.16,1.5199
260,-100,-55.0,25.0,3.0,1.0,-56.835,80.53,15.58,0.4049
257,-100,-55.0,25.0,2.5,7.0,-62.5167,67.64,25.89,0.8577
259,-100,-55.0,25.0,2.5,10.0,-65.7233,70.02,23.99,0.8751
262,-100,-55.0,25.0,3.0,4.0,-60.2167,81.89,14.49,1.2269
261,-100,-55.0,25.0,3.0,2.5,-54.0867,59.82,32.15,0.4224
263,-100,-55.0,25.0,3.0,5.5,-59.28,60.47,31.63,0.5404
264,-100,-55.0,25.0,3.0,7.0,-59.1333,54.83,36.14,0.5386
265,-100,-55.0,25.0,3.0,8.5,-61.0833,72.52,21.99,1.4483
266,-100,-55.0,25.0,3.0,10.0,-56.9567,45.12,43.9,0.7398
267,-100,-55.0,25.0,3.5,1.0,-51.73,50.51,39.59,0.2759
268,-100,-55.0,25.0,3.5,2.5,-51.6533,31.64,54.69,0.3668
274,-100,-55.0,25.0,4.0,1.0,-42.05,20.03,63.98,0.1563
269,-100,-55.0,25.0,3.5,4.0,-51.1967,36.91,50.48,0.3483
271,-100,-55.0,25.0,3.5,7.0,-48.2733,29.89,56.09,0.3374
272,-100,-55.0,25.0,3.5,8.5,-55.2333,43.49,45.22,0.4936
275,-100,-55.0,25.0,4.0,2.5,-41.9367,21.07,63.15,0.1872
270,-100,-55.0,25.0,3.5,5.5,-51.9333,29.55,56.36,0.4255
273,-100,-55.0,25.0,3.5,10.0,-51.75,31.4,54.89,0.4601
276,-100,-55.0,25.0,4.0,4.0,-43.4833,20.07,63.95,0.183
277,-100,-55.0,25.0,4.0,5.5,-46.8667,20.92,63.27,0.297
281,-100,-55.0,30.0,2.0,1.0,-62.965,99.89,0.09,3.8854
278,-100,-55.0,25.0,4.0,7.0,-43.8467,21.8,62.56,0.2343
282,-100,-55.0,30.0,2.0,2.5,-60.49,98.48,1.22,1.0764
283,-100,-55.0,30.0,2.0,4.0,-66.98,97.74,1.81,1.1421
279,-100,-55.0,25.0,4.0,8.5,-45.08,28.17,57.47,0.3324
285,-100,-55.0,30.0,2.0,7.0,-70.8033,96.4,2.88,1.9132
284,-100,-55.0,30.0,2.0,5.5,-67.7,93.25,5.4,1.1689
286,-100,-55.0,30.0,2.0,8.5,-70.0667,87.96,9.63,1.6162
280,-100,-55.0,25.0,4.0,10.0,-44.05,21.13,63.1,0.2744
287,-100,-55.0,30.0,2.0,10.0,-68.6267,81.17,15.06,1.4168
288,-100,-55.0,30.0,2.5,1.0,-62.6967,96.8,2.56,1.0974
289,-100,-55.0,30.0,2.5,2.5,-60.9267,73.81,20.95,0.2473
291,-100,-55.0,30.0,2.5,5.5,-62.0533,72.12,22.3,0.5406
293,-100,-55.0,30.0,2.5,8.5,-62.55,74.87,20.11,1.5219
290,-100,-55.0,30.0,2.5,4.0,-62.18,74.79,20.17,0.4615
292,-100,-55.0,30.0,2.5,7.0,-57.89,48.63,41.1,0.5571
295,-100,-55.0,30.0,3.0,1.0,-55.47,70.26,23.8,0.3128
294,-100,-55.0,30.0,2.5,10.0,-61.9433,56.7,34.64,0.706
296,-100,-55.0,30.0,3.0,2.5,-56.71,67.87,25.71,0.4473
299,-100,-55.0,30.0,3.0,7.0,-58.1667,58.89,32.89,0.6019
297,-100,-55.0,30.0,3.0,4.0,-55.88,50.14,39.89,0.5467
298,-100,-55.0,30.0,3.0,5.5,-56.6233,48.98,40.82,0.4086
300,-100,-55.0,30.0,3.0,8.5,-55.99,40.5,47.6,0.6162
301,-100,-55.0,30.0,3.0,10.0,-54.26,33.64,53.09,0.5002
303,-100,-55.0,30.0,3.5,2.5,-49.61,46.43,42.85,0.3003
302,-100,-55.0,30.0,3.5,1.0,-48.3967,35.83,51.34,0.2856
304,-100,-55.0,30.0,3.5,4.0,-49.72,31.36,54.92,0.3675
305,-100,-55.0,30.0,3.5,5.5,-48.98,33.75,53.01,0.3256
306,-100,-55.0,30.0,3.5,7.0,-49.19,33.16,53.48,0.4314
307,-100,-55.0,30.0,3.5,8.5,-46.2733,20.85,63.32,0.2466
308,-100,-55.0,30.0,3.5,10.0,-49.8033,22.22,62.23,0.3347
310,-100,-55.0,30.0,4.0,2.5,-40.71,20.01,63.99,0.1523
311,-100,-55.0,30.0,4.0,4.0,-41.19,20.06,63.95,0.1711
309,-100,-55.0,30.0,4.0,1.0,-39.73,24.15,60.69,0.2253
312,-100,-55.0,30.0,4.0,5.5,-43.67,20.53,63.57,0.2128
313,-100,-55.0,30.0,4.0,7.0,-38.5033,20.04,63.97,0.1585
316,-100,-55.0,35.0,2.0,1.0,-60.82,99.79,0.17,1.135
317,-100,-55.0,35.0,2.0,2.5,-63.67,99.96,0.03,2.1476
314,-100,-55.0,30.0,4.0,8.5,-40.7267,20.07,63.95,0.2048
315,-100,-55.0,30.0,4.0,10.0,-41.81,20.09,63.93,0.1967
321,-100,-55.0,35.0,2.0,8.5,-71.53,94.26,4.59,2.454
318,-100,-55.0,35.0,2.0,4.0,-67.3767,96.81,2.55,1.0149
320,-100,-55.0,35.0,2.0,7.0,-65.7367,88.13,9.5,1.2811
319,-100,-55.0,35.0,2.0,5.5,-64.3033,83.88,12.9,0.8774
323,-100,-55.0,35.0,2.5,1.0,-59.7533,96.71,2.64,1.9436
322,-100,-55.0,35.0,2.0,10.0,-66.7833,76.16,19.08,1.208
324,-100,-55.0,35.0,2.5,2.5,-57.8233,74.55,20.36,0.6935
326,-100,-55.0,35.0,2.5,5.5,-63.3333,83.85,12.92,1.4062
325,-100,-55.0,35.0,2.5,4.0,-58.5,65.82,27.35,0.7397
327,-100,-55.0,35.0,2.5,7.0,-57.75,54.29,36.57,0.6783
328,-100,-55.0,35.0,2.5,8.5,-61.6833,64.88,28.1,1.0885
329,-100,-55.0,35.0,2.5,10.0,-59.98,52.32,38.15,0.7811
330,-100,-55.0,35.0,3.0,1.0,-51.86,38.42,49.27,0.3075
332,-100,-55.0,35.0,3.0,4.0,-54.1433,45.74,43.41,0.3635
331,-100,-55.0,35.0,3.0,2.5,-52.94,39.71,48.23,0.4468
333,-100,-55.0,35.0,3.0,5.5,-53.1033,44.18,44.66,0.389
334,-100,-55.0,35.0,3.0,7.0,-52.4967,36.01,51.19,0.4732
335,-100,-55.0,35.0,3.0,8.5,-52.4033,34.11,52.71,0.4961
336,-100,-55.0,35.0,3.0,10.0,-50.68,32.19,54.25,0.4745
337,-100,-55.0,35.0,3.5,1.0,-45.91,20.18,63.86,0.1671
338,-100,-55.0,35.0,3.5,2.5,-47.3767,32.48,54.02,0.3788
339,-100,-55.0,35.0,3.5,4.0,-47.3067,28.8,56.96,0.2988
340,-100,-55.0,35.0,3.5,5.5,-44.9267,20.17,63.87,0.2416
344,-100,-55.0,35.0,4.0,1.0,-40.3567,20.03,63.98,0.1469
341,-100,-55.0,35.0,3.5,7.0,-45.9,20.25,63.81,0.213
345,-100,-55.0,35.0,4.0,2.5,-38.9767,20.02,63.99,0.1455
342,-100,-55.0,35.0,3.5,8.5,-47.18,23.1,61.53,0.3035
343,-100,-55.0,35.0,3.5,10.0,-48.0,29.35,56.52,0.3826
346,-100,-55.0,35.0,4.0,4.0,-40.72,20.21,63.84,0.1904
347,-100,-55.0,35.0,4.0,5.5,-39.0467,20.05,63.97,0.1792
348,-100,-55.0,35.0,4.0,7.0,-38.8633,20.03,63.98,0.1751
351,-100,-55.0,40.0,2.0,1.0,-62.565,98.49,1.21,1.133
349,-100,-55.0,35.0,4.0,8.5,-38.4733,20.2,63.84,0.1817
350,-100,-55.0,35.0,4.0,10.0,-39.74,21.27,62.99,0.2239
352,-100,-55.0,40.0,2.0,2.5,-55.08,80.87,15.3,0.5352
354,-100,-55.0,40.0,2.0,5.5,-67.64,89.56,8.36,1.0248
353,-100,-55.0,40.0,2.0,4.0,-67.3933,96.12,3.11,1.1256
355,-100,-55.0,40.0,2.0,7.0,-69.21,86.66,10.67,0.8952
357,-100,-55.0,40.0,2.0,10.0,-70.36,85.38,11.7,1.5161
358,-100,-55.0,40.0,2.5,1.0,-58.2533,72.87,21.71,0.2309
356,-100,-55.0,40.0,2.0,8.5,-65.64,75.73,19.42,0.9463
359,-100,-55.0,40.0,2.5,2.5,-58.85,77.76,17.79,0.9102
360,-100,-55.0,40.0,2.5,4.0,-59.9667,68.23,25.42,0.6415
361,-100,-55.0,40.0,2.5,5.5,-60.97,69.9,24.09,0.9471
362,-100,-55.0,40.0,2.5,7.0,-55.9333,46.87,42.51,0.5872
364,-100,-55.0,40.0,2.5,10.0,-60.34,50.72,39.43,0.6304
363,-100,-55.0,40.0,2.5,8.5,-57.9967,48.66,41.08,0.766
366,-100,-55.0,40.0,3.0,2.5,-50.1,35.74,51.41,0.3491
365,-100,-55.0,40.0,3.0,1.0,-50.4767,31.99,54.41,0.2954
367,-100,-55.0,40.0,3.0,4.0,-52.1467,43.42,45.27,0.4723
368,-100,-55.0,40.0,3.0,5.5,-49.28,24.83,60.14,0.3248
369,-100,-55.0,40.0,3.0,7.0,-51.87,28.6,57.12,0.4243
371,-100,-55.0,40.0,3.0,10.0,-51.9833,25.67,59.47,0.3797
370,-100,-55.0,40.0,3.0,8.5,-52.4533,29.31,56.56,0.4523
372,-100,-55.0,40.0,3.5,1.0,-45.7967,24.27,60.59,0.2564
373,-100,-55.0,40.0,3.5,2.5,-43.0633,20.16,63.87,0.213
374,-100,-55.0,40.0,3.5,4.0,-42.2767,20.04,63.97,0.1541
375,-100,-55.0,40.0,3.5,5.5,-44.38,24.73,60.22,0.2748
376,-100,-55.0,40.0,3.5,7.0,-44.0633,20.82,63.35,0.254
379,-100,-55.0,40.0,4.0,1.0,-34.6233,20.03,63.98,0.1436
378,-100,-55.0,40.0,3.5,10.0,-41.3233,20.25,63.81,0.2349
377,-100,-55.0,40.0,3.5,8.5,-42.82,21.07,63.15,0.2309
380,-100,-55.0,40.0,4.0,2.5,-35.4967,20.04,63.97,0.1433
381,-100,-55.0,40.0,4.0,4.0,-36.99,20.03,63.98,0.1592
382,-100,-55.0,40.0,4.0,5.5,-34.4967,20.03,63.98,0.1452
383,-100,-55.0,40.0,4.0,7.0,-35.3067,20.03,63.98,0.1546
386,-100,-55.0,45.0,2.0,1.0,-57.07,97.01,2.39,1.0731
384,-100,-55.0,40.0,4.0,8.5,-39.8733,20.52,63.59,0.2088
387,-100,-55.0,45.0,2.0,2.5,-62.27,99.86,0.11,2.3459
385,-100,-55.0,40.0,4.0,10.0,-36.2933,20.04,63.97,0.2286
388,-100,-55.0,45.0,2.0,4.0,-64.6267,94.51,4.39,1.2019
389,-100,-55.0,45.0,2.0,5.5,-63.6733,84.32,12.54,1.4516
390,-100,-55.0,45.0,2.0,7.0,-66.3367,83.75,13.0,1.0284
391,-100,-55.0,45.0,2.0,8.5,-62.9967,67.55,25.96,0.8691
392,-100,-55.0,45.0,2.0,10.0,-62.8233,68.31,25.35,1.1478
393,-100,-55.0,45.0,2.5,1.0,-59.8433,90.75,7.4,0.7288
394,-100,-55.0,45.0,2.5,2.5,-57.0033,54.93,36.06,0.4582
395,-100,-55.0,45.0,2.5,4.0,-57.3367,61.16,31.08,0.7063
396,-100,-55.0,45.0,2.5,5.5,-58.3733,53.25,37.4,0.5941
397,-100,-55.0,45.0,2.5,7.0,-58.7233,52.2,38.25,0.5642
399,-100,-55.0,45.0,2.5,10.0,-58.76,47.07,42.35,0.7684
398,-100,-55.0,45.0,2.5,8.5,-59.39,54.05,36.76,0.7669
400,-100,-55.0,45.0,3.0,1.0,-52.06,46.8,42.56,0.3015
401,-100,-55.0,45.0,3.0,2.5,-50.21,27.06,58.35,0.2657
402,-100,-55.0,45.0,3.0,4.0,-49.6367,42.84,45.73,0.2298
403,-100,-55.0,45.0,3.0,5.5,-48.8433,26.47,58.82,0.3254
404,-100,-55.0,45.0,3.0,7.0,-52.72,34.83,52.15,0.3781
405,-100,-55.0,45.0,3.0,8.5,-50.58,23.01,61.59,0.3391
407,-100,-55.0,45.0,3.5,1.0,-40.26,20.02,63.98,0.1456
406,-100,-55.0,45.0,3.0,10.0,-49.01,26.89,58.49,0.3928
408,-100,-55.0,45.0,3.5,2.5,-42.5267,20.04,63.98,0.1814
409,-100,-55.0,45.0,3.5,4.0,-44.1333,22.76,61.8,0.2766
410,-100,-55.0,45.0,3.5,5.5,-44.7133,20.59,63.53,0.2065
411,-100,-55.0,45.0,3.5,7.0,-45.68,25.16,59.87,0.336
412,-100,-55.0,45.0,3.5,8.5,-42.07,21.61,62.72,0.2494
414,-100,-55.0,45.0,4.0,1.0,-34.9433,20.04,63.98,0.1734
415,-100,-55.0,45.0,4.0,2.5,-35.4633,20.04,63.98,0.1488
413,-100,-55.0,45.0,3.5,10.0,-42.8233,20.26,63.8,0.2362
416,-100,-55.0,45.0,4.0,4.0,-33.7533,20.03,63.99,0.1592
417,-100,-55.0,45.0,4.0,5.5,-32.3833,20.03,63.98,0.146
418,-100,-55.0,45.0,4.0,7.0,-33.8767,20.05,63.97,0.1857
421,-100,-55.0,50.0,2.0,1.0,-64.6533,99.97,0.02,1.1074
419,-100,-55.0,45.0,4.0,8.5,-33.5467,20.03,63.98,0.1533
423,-100,-55.0,50.0,2.0,4.0,-62.89,95.81,3.35,1.3739
424,-100,-55.0,50.0,2.0,5.5,-65.7733,94.81,4.15,2.6553
420,-100,-55.0,45.0,4.0,10.0,-36.2233,20.05,63.97,0.1836
422,-100,-55.0,50.0,2.0,2.5,-61.005,91.27,6.98,0.9137
425,-100,-55.0,50.0,2.0,7.0,-64.0067,72.09,22.32,0.5483
426,-100,-55.0,50.0,2.0,8.5,-67.0267,83.16,13.47,1.3988
428,-100,-55.0,50.0,2.5,1.0,-57.9833,73.32,21.34,0.2388
427,-100,-55.0,50.0,2.0,10.0,-63.3767,61.27,30.98,0.9011
429,-100,-55.0,50.0,2.5,2.5,-56.2033,57.26,34.2,0.5435
430,-100,-55.0,50.0,2.5,4.0,-56.2733,49.37,40.5,0.4383
433,-100,-55.0,50.0,2.5,8.5,-55.5067,40.32,47.75,0.611
432,-100,-55.0,50.0,2.5,7.0,-53.86,34.29,52.58,0.4647
434,-100,-55.0,50.0,2.5,10.0,-58.1033,49.27,40.59,0.6547
435,-100,-55.0,50.0,3.0,1.0,-51.47,45.69,43.45,0.1656
431,-100,-55.0,50.0,2.5,5.5,-54.6467,39.59,48.33,0.5266
436,-100,-55.0,50.0,3.0,2.5,-50.3067,29.7,56.24,0.2997
437,-100,-55.0,50.0,3.0,4.0,-50.2533,28.85,56.93,0.3948
438,-100,-55.0,50.0,3.0,5.5,-51.43,34.45,52.45,0.4225
439,-100,-55.0,50.0,3.0,7.0,-50.5667,26.83,58.54,0.3736
440,-100,-55.0,50.0,3.0,8.5,-48.3733,22.71,61.83,0.3316
441,-100,-55.0,50.0,3.0,10.0,-49.0733,25.36,59.72,0.3521
442,-100,-55.0,50.0,3.5,1.0,-41.53,20.01,63.99,0.1904
443,-100,-55.0,50.0,3.5,2.5,-44.3833,20.04,63.97,0.1467
444,-100,-55.0,50.0,3.5,4.0,-43.85,20.04,63.97,0.1524
446,-100,-55.0,50.0,3.5,7.0,-38.5033,20.04,63.98,0.1962
445,-100,-55.0,50.0,3.5,5.5,-42.73,20.05,63.96,0.1671
447,-100,-55.0,50.0,3.5,8.5,-42.8433,20.06,63.96,0.204
448,-100,-55.0,50.0,3.5,10.0,-40.3533,20.14,63.89,0.1903
449,-100,-55.0,50.0,4.0,1.0,-31.5433,20.03,63.97,0.1433
450,-100,-55.0,50.0,4.0,2.5,-31.89,20.03,63.98,0.1545
451,-100,-55.0,50.0,4.0,4.0,-31.9933,20.04,63.97,0.1351
452,-100,-55.0,50.0,4.0,5.5,-34.2467,20.03,63.98,0.1514
453,-100,-55.0,50.0,4.0,7.0,-33.3267,20.02,63.99,0.1633
454,-100,-55.0,50.0,4.0,8.5,-34.77,20.03,63.98,0.1547
458,-100,-55.0,55.0,2.0,4.0,-64.9367,84.93,12.06,0.82
455,-100,-55.0,50.0,4.0,10.0,-32.7533,20.04,63.97,0.1419
456,-100,-55.0,55.0,2.0,1.0,-60.41,96.49,2.81,0.9687
457,-100,-55.0,55.0,2.0,2.5,-62.3133,77.39,18.09,0.3054
459,-100,-55.0,55.0,2.0,5.5,-59.7,67.37,26.1,0.6306
460,-100,-55.0,55.0,2.0,7.0,-63.1833,73.1,21.52,0.9569
461,-100,-55.0,55.0,2.0,8.5,-62.7167,68.88,24.9,1.009
462,-100,-55.0,55.0,2.0,10.0,-64.7933,73.61,21.11,1.3861
463,-100,-55.0,55.0,2.5,1.0,-56.06,73.27,21.38,0.7329
464,-100,-55.0,55.0,2.5,2.5,-56.99,60.38,31.7,0.4437
465,-100,-55.0,55.0,2.5,4.0,-55.5267,57.62,33.91,0.5735
467,-100,-55.0,55.0,2.5,7.0,-56.04,48.54,41.17,0.4393
468,-100,-55.0,55.0,2.5,8.5,-61.4767,64.51,28.39,1.0401
469,-100,-55.0,55.0,2.5,10.0,-56.1233,46.09,43.13,0.7013
466,-100,-55.0,55.0,2.5,5.5,-54.58,36.06,51.15,0.4989
470,-100,-55.0,55.0,3.0,1.0,-45.1833,20.91,63.28,0.1812
472,-100,-55.0,55.0,3.0,4.0,-46.8933,20.05,63.97,0.202
471,-100,-55.0,55.0,3.0,2.5,-49.95,24.64,60.29,0.2851
473,-100,-55.0,55.0,3.0,5.5,-48.6433,25.47,59.62,0.3273
474,-100,-55.0,55.0,3.0,7.0,-51.5733,28.85,56.93,0.4137
475,-100,-55.0,55.0,3.0,8.5,-47.5467,20.62,63.51,0.2542
476,-100,-55.0,55.0,3.0,10.0,-50.7733,26.84,58.53,0.3859
477,-100,-55.0,55.0,3.5,1.0,-39.9633,20.04,63.98,0.1487
478,-100,-55.0,55.0,3.5,2.5,-39.6667,20.02,64.0,0.2025
479,-100,-55.0,55.0,3.5,4.0,-39.86,20.22,63.82,0.1712
480,-100,-55.0,55.0,3.5,5.5,-40.2733,20.02,63.99,0.1469
481,-100,-55.0,55.0,3.5,7.0,-38.2067,20.06,63.96,0.187
482,-100,-55.0,55.0,3.5,8.5,-40.48,20.04,63.97,0.2136
483,-100,-55.0,55.0,3.5,10.0,-36.68,20.03,63.98,0.165
484,-100,-55.0,55.0,4.0,1.0,-33.85,20.02,63.99,0.1466
485,-100,-55.0,55.0,4.0,2.5,-28.0833,20.03,63.98,0.16
486,-100,-55.0,55.0,4.0,4.0,-30.0833,20.01,64.0,0.1778
487,-100,-55.0,55.0,4.0,5.5,-30.6967,20.02,63.99,0.1665
492,-100,-50.0,25.0,2.0,2.5,,100.0,0.0,0.0
488,-100,-55.0,55.0,4.0,7.0,-35.0167,20.03,63.98,0.1767
493,-100,-50.0,25.0,2.0,4.0,-65.375,100.0,0.0,0.9801
489,-100,-55.0,55.0,4.0,8.5,-34.77,20.01,63.99,0.1467
494,-100,-50.0,25.0,2.0,5.5,-67.65,99.93,0.06,1.0521
491,-100,-50.0,25.0,2.0,1.0,-59.0,100.0,0.0,0.648
490,-100,-55.0,55.0,4.0,10.0,-29.6433,20.03,63.98,0.1664
496,-100,-50.0,25.0,2.0,8.5,-69.7133,96.07,3.15,1.5578
495,-100,-50.0,25.0,2.0,7.0,-66.585,96.49,2.8,2.3222
497,-100,-50.0,25.0,2.0,10.0,-70.3733,89.9,8.08,1.0347
498,-100,-50.0,25.0,2.5,1.0,-57.225,99.96,0.03,1.31
499,-100,-50.0,25.0,2.5,2.5,-56.9,99.39,0.48,1.0211
500,-100,-50.0,25.0,2.5,4.0,-62.08,99.74,0.21,2.8531
501,-100,-50.0,25.0,2.5,5.5,-65.0333,98.87,0.91,2.2956
503,-100,-50.0,25.0,2.5,8.5,-64.5,87.37,10.1,1.6822
502,-100,-50.0,25.0,2.5,7.0,-63.1867,84.48,12.41,1.082
505,-100,-50.0,25.0,3.0,1.0,-56.2467,75.57,19.54,0.3049
504,-100,-50.0,25.0,2.5,10.0,-65.26,79.96,16.04,1.097
506,-100,-50.0,25.0,3.0,2.5,-52.13,73.5,21.2,0.2196
507,-100,-50.0,25.0,3.0,4.0,-57.9067,80.91,15.28,0.7213
508,-100,-50.0,25.0,3.0,5.5,-58.7033,77.22,18.23,0.8943
509,-100,-50.0,25.0,3.0,7.0,-56.7933,66.39,26.89,0.5716
510,-100,-50.0,25.0,3.0,8.5,-61.0733,76.65,18.68,1.0967
512,-100,-50.0,25.0,3.5,1.0,-50.3033,52.7,37.84,0.2524
511,-100,-50.0,25.0,3.0,10.0,-59.0533,67.42,26.07,0.9688
515,-100,-50.0,25.0,3.5,5.5,-52.8267,67.88,25.7,0.5123
513,-100,-50.0,25.0,3.5,2.5,-50.8033,53.4,37.28,0.35
514,-100,-50.0,25.0,3.5,4.0,-49.7533,46.25,43.0,0.3597
518,-100,-50.0,25.0,3.5,10.0,-51.8733,52.5,38.0,0.5791
519,-100,-50.0,25.0,4.0,1.0,-41.98,41.29,46.97,0.2051
516,-100,-50.0,25.0,3.5,7.0,-50.1167,41.94,46.45,0.5186
517,-100,-50.0,25.0,3.5,8.5,-53.38,46.82,42.54,0.5839
520,-100,-50.0,25.0,4.0,2.5,-44.7767,24.76,60.19,0.2859
521,-100,-50.0,25.0,4.0,4.0,-43.43,39.51,48.4,0.2743
522,-100,-50.0,25.0,4.0,5.5,-43.1233,37.81,49.75,0.2847
523,-100,-50.0,25.0,4.0,7.0,-41.19,23.97,60.83,0.301
524,-100,-50.0,25.0,4.0,8.5,-47.25,38.04,49.58,0.4229
526,-100,-50.0,30.0,2.0,1.0,,100.0,0.0,0.0
527,-100,-50.0,30.0,2.0,2.5,-57.67,99.81,0.15,1.1671
528,-100,-50.0,30.0,2.0,4.0,-59.0,100.0,0.0,1.9053
530,-100,-50.0,30.0,2.0,7.0,-68.93,99.09,0.73,1.5329
531,-100,-50.0,30.0,2.0,8.5,-67.68,94.49,4.41,2.1189
529,-100,-50.0,30.0,2.0,5.5,-72.24,99.77,0.19,1.0567
525,-100,-50.0,25.0,4.0,10.0,-42.5233,24.9,60.08,0.3679
532,-100,-50.0,30.0,2.0,10.0,-71.5467,93.89,4.88,1.1315
533,-100,-50.0,30.0,2.5,1.0,-57.52,99.27,0.58,1.1049
534,-100,-50.0,30.0,2.5,2.5,-54.54,81.82,14.54,0.466
535,-100,-50.0,30.0,2.5,4.0,-59.2967,96.58,2.74,1.0878
536,-100,-50.0,30.0,2.5,5.5,-63.17,97.56,1.95,1.8616
538,-100,-50.0,30.0,2.5,8.5,-61.04,85.95,11.24,1.9399
540,-100,-50.0,30.0,3.0,1.0,-54.7333,93.46,5.23,1.2834
539,-100,-50.0,30.0,2.5,10.0,-62.2967,75.92,19.26,1.268
537,-100,-50.0,30.0,2.5,7.0,-62.5467,81.68,14.66,0.8224
541,-100,-50.0,30.0,3.0,2.5,-55.3233,72.13,22.3,0.3221
542,-100,-50.0,30.0,3.0,4.0,-55.2533,81.09,15.12,1.2299
543,-100,-50.0,30.0,3.0,5.5,-56.1467,68.67,25.07,0.6523
544,-100,-50.0,30.0,3.0,7.0,-56.68,69.05,24.76,0.9994
546,-100,-50.0,30.0,3.0,10.0,-51.8667,47.28,42.18,0.6422
545,-100,-50.0,30.0,3.0,8.5,-55.7533,55.67,35.47,0.7393
547,-100,-50.0,30.0,3.5,1.0,-47.2733,51.51,38.79,0.2635
549,-100,-50.0,30.0,3.5,4.0,-49.5033,61.05,31.17,0.5795
548,-100,-50.0,30.0,3.5,2.5,-46.28,42.71,45.84,0.3985
550,-100,-50.0,30.0,3.5,5.5,-51.6567,56.6,34.72,0.4896
554,-100,-50.0,30.0,4.0,1.0,-40.5033,20.11,63.92,0.1762
551,-100,-50.0,30.0,3.5,7.0,-48.77,37.09,50.33,0.3987
552,-100,-50.0,30.0,3.5,8.5,-50.06,43.31,45.35,0.4626
553,-100,-50.0,30.0,3.5,10.0,-46.7933,26.49,58.8,0.3908
555,-100,-50.0,30.0,4.0,2.5,-39.1,20.54,63.58,0.1773
556,-100,-50.0,30.0,4.0,4.0,-42.6367,29.1,56.72,0.3205
561,-100,-50.0,35.0,2.0,1.0,,100.0,0.0,0.0
563,-100,-50.0,35.0,2.0,4.0,-61.035,99.7,0.24,2.4992
562,-100,-50.0,35.0,2.0,2.5,,100.0,0.0,0.0
557,-100,-50.0,30.0,4.0,5.5,-38.2167,22.88,61.71,0.2909
558,-100,-50.0,30.0,4.0,7.0,-42.9267,26.77,58.59,0.3688
564,-100,-50.0,35.0,2.0,5.5,-64.375,98.35,1.32,1.0634
560,-100,-50.0,30.0,4.0,10.0,-38.5333,20.37,63.71,0.2219
565,-100,-50.0,35.0,2.0,7.0,-69.5833,98.5,1.2,1.507
559,-100,-50.0,30.0,4.0,8.5,-42.39,20.84,63.33,0.2768
566,-100,-50.0,35.0,2.0,8.5,-69.4333,88.62,9.1,1.0536
567,-100,-50.0,35.0,2.0,10.0,-67.1167,85.26,11.79,1.0226
568,-100,-50.0,35.0,2.5,1.0,-50.01,95.48,3.62,1.6388
569,-100,-50.0,35.0,2.5,2.5,-56.755,79.59,16.33,0.2988
570,-100,-50.0,35.0,2.5,4.0,-61.42,89.35,8.52,1.3026
575,-100,-50.0,35.0,3.0,1.0,-52.66,92.33,6.13,0.8731
571,-100,-50.0,35.0,2.5,5.5,-59.2933,79.58,16.33,0.7789
573,-100,-50.0,35.0,2.5,8.5,-61.6833,81.85,14.52,1.4307
572,-100,-50.0,35.0,2.5,7.0,-61.4333,80.02,15.99,0.9492
576,-100,-50.0,35.0,3.0,2.5,-53.48,79.03,16.78,0.8038
574,-100,-50.0,35.0,2.5,10.0,-60.7767,71.28,22.97,0.9461
577,-100,-50.0,35.0,3.0,4.0,-52.6133,62.98,29.62,0.5242
578,-100,-50.0,35.0,3.0,5.5,-52.56,51.45,38.84,0.629
579,-100,-50.0,35.0,3.0,7.0,-54.88,58.36,33.31,0.711
580,-100,-50.0,35.0,3.0,8.5,-52.49,44.57,44.35,0.4979
581,-100,-50.0,35.0,3.0,10.0,-55.53,55.76,35.4,0.7518
582,-100,-50.0,35.0,3.5,1.0,-44.7733,46.58,42.74,0.141
583,-100,-50.0,35.0,3.5,2.5,-47.58,54.27,36.59,0.5817
584,-100,-50.0,35.0,3.5,4.0,-46.14,42.41,46.07,0.2394
585,-100,-50.0,35.0,3.5,5.5,-47.9367,39.46,48.44,0.3148
589,-100,-50.0,35.0,4.0,1.0,-37.8633,20.01,64.0,0.1668
587,-100,-50.0,35.0,3.5,8.5,-46.2967,30.54,55.57,0.4189
586,-100,-50.0,35.0,3.5,7.0,-46.57,27.57,57.95,0.4169
588,-100,-50.0,35.0,3.5,10.0,-43.9867,22.48,62.02,0.309
590,-100,-50.0,35.0,4.0,2.5,-39.17,20.4,63.68,0.1959
591,-100,-50.0,35.0,4.0,4.0,-36.1967,20.04,63.97,0.1603
592,-100,-50.0,35.0,4.0,5.5,-38.6267,20.17,63.87,0.2359
596,-100,-50.0,40.0,2.0,1.0,,100.0,0.0,0.0
593,-100,-50.0,35.0,4.0,7.0,-41.8633,20.7,63.45,0.2759
597,-100,-50.0,40.0,2.0,2.5,-55.91,99.6,0.32,2.1902
598,-100,-50.0,40.0,2.0,4.0,-61.61,99.81,0.15,1.1019
599,-100,-50.0,40.0,2.0,5.5,-67.9233,97.88,1.69,2.2059
594,-100,-50.0,35.0,4.0,8.5,-39.8333,23.85,60.92,0.2847
595,-100,-50.0,35.0,4.0,10.0,-39.82,20.65,63.49,0.2303
600,-100,-50.0,40.0,2.0,7.0,-65.78,91.89,6.49,0.9591
601,-100,-50.0,40.0,2.0,8.5,-68.2767,94.52,4.39,1.1047
602,-100,-50.0,40.0,2.0,10.0,-67.77,86.13,11.1,1.1166
603,-100,-50.0,40.0,2.5,1.0,-56.33,99.19,0.65,2.2207
604,-100,-50.0,40.0,2.5,2.5,-57.335,98.1,1.52,0.9687
605,-100,-50.0,40.0,2.5,4.0,-58.7933,96.56,2.75,1.7759
606,-100,-50.0,40.0,2.5,5.5,-59.4233,81.97,14.42,0.8677
607,-100,-50.0,40.0,2.5,7.0,-60.1867,75.08,19.94,0.7786
608,-100,-50.0,40.0,2.5,8.5,-61.7833,78.36,17.31,0.9926
609,-100,-50.0,40.0,2.5,10.0,-61.4567,69.94,24.05,1.0153
611,-100,-50.0,40.0,3.0,2.5,-50.75,63.48,29.23,0.5189
610,-100,-50.0,40.0,3.0,1.0,-47.89,53.27,37.38,0.3293
612,-100,-50.0,40.0,3.0,4.0,-52.1167,63.53,29.18,0.4184
613,-100,-50.0,40.0,3.0,5.5,-51.2367,48.69,41.05,0.5419
614,-100,-50.0,40.0,3.0,7.0,-50.0567,42.45,46.05,0.407
615,-100,-50.0,40.0,3.0,8.5,-49.37,40.37,47.71,0.6133
616,-100,-50.0,40.0,3.0,10.0,-52.6367,50.97,39.23,0.7379
617,-100,-50.0,40.0,3.5,1.0,-44.0967,43.74,45.01,0.2113
619,-100,-50.0,40.0,3.5,4.0,-46.4167,38.45,49.25,0.369
618,-100,-50.0,40.0,3.5,2.5,-44.11,31.64,54.7,0.2977
620,-100,-50.0,40.0,3.5,5.5,-44.9633,24.65,60.28,0.3202
621,-100,-50.0,40.0,3.5,7.0,-44.1133,29.72,56.23,0.3301
623,-100,-50.0,40.0,3.5,10.0,-42.33,21.3,62.97,0.3055
624,-100,-50.0,40.0,4.0,1.0,-40.42,20.03,63.98,0.1632
622,-100,-50.0,40.0,3.5,8.5,-45.16,27.76,57.8,0.3993
625,-100,-50.0,40.0,4.0,2.5,-36.65,22.6,61.92,0.1738
626,-100,-50.0,40.0,4.0,4.0,-38.0633,20.03,63.98,0.1727
627,-100,-50.0,40.0,4.0,5.5,-34.97,20.04,63.97,0.1626
628,-100,-50.0,40.0,4.0,7.0,-38.84,26.42,58.87,0.2852
631,-100,-50.0,45.0,2.0,1.0,-60.17,99.99,0.0,1.0451
629,-100,-50.0,40.0,4.0,8.5,-39.2533,23.62,61.11,0.2882
632,-100,-50.0,45.0,2.0,2.5,-55.91,98.71,1.03,1.0143
633,-100,-50.0,45.0,2.0,4.0,-61.22,99.53,0.37,1.1516
635,-100,-50.0,45.0,2.0,7.0,-66.7333,96.32,2.95,2.501
634,-100,-50.0,45.0,2.0,5.5,-66.59,99.27,0.58,1.9232
630,-100,-50.0,40.0,4.0,10.0,-34.85,21.01,63.2,0.2289
636,-100,-50.0,45.0,2.0,8.5,-67.23,91.79,6.57,1.1021
637,-100,-50.0,45.0,2.0,10.0,-69.9733,92.47,6.02,1.117
638,-100,-50.0,45.0,2.5,1.0,-50.57,92.98,5.61,0.9295
639,-100,-50.0,45.0,2.5,2.5,-57.87,89.22,8.62,1.0365
640,-100,-50.0,45.0,2.5,4.0,-60.41,97.44,2.05,2.1738
641,-100,-50.0,45.0,2.5,5.5,-59.4267,85.93,11.25,1.3172
642,-100,-50.0,45.0,2.5,7.0,-55.3633,63.2,29.44,0.786
643,-100,-50.0,45.0,2.5,8.5,-57.3433,67.39,26.09,0.9929
645,-100,-50.0,45.0,3.0,1.0,-51.13,74.83,20.14,0.538
644,-100,-50.0,45.0,2.5,10.0,-58.4467,62.98,29.62,0.9445
646,-100,-50.0,45.0,3.0,2.5,-51.6267,60.82,31.35,0.3799
647,-100,-50.0,45.0,3.0,4.0,-47.2467,39.59,48.33,0.3686
648,-100,-50.0,45.0,3.0,5.5,-52.3367,60.9,31.29,0.4174
649,-100,-50.0,45.0,3.0,7.0,-50.7,49.18,40.66,0.6591
650,-100,-50.0,45.0,3.0,8.5,-47.77,34.73,52.22,0.4752
652,-100,-50.0,45.0,3.5,1.0,-42.76,22.16,62.28,0.1984
651,-100,-50.0,45.0,3.0,10.0,-52.4667,42.91,45.68,0.5788
653,-100,-50.0,45.0,3.5,2.5,-40.5067,24.34,60.54,0.2856
655,-100,-50.0,45.0,3.5,5.5,-40.76,20.65,63.49,0.2014
656,-100,-50.0,45.0,3.5,7.0,-44.9267,26.65,58.69,0.3687
654,-100,-50.0,45.0,3.5,4.0,-42.27,23.17,61.46,0.2746
657,-100,-50.0,45.0,3.5,8.5,-45.0333,31.33,54.94,0.3901
659,-100,-50.0,45.0,4.0,1.0,-36.3733,21.45,62.85,0.2014
660,-100,-50.0,45.0,4.0,2.5,-34.6067,20.03,63.98,0.1469
661,-100,-50.0,45.0,4.0,4.0,-36.1633,20.03,63.98,0.1713
658,-100,-50.0,45.0,3.5,10.0,-42.26,20.97,63.23,0.2813
662,-100,-50.0,45.0,4.0,5.5,-36.8933,20.05,63.97,0.1863
663,-100,-50.0,45.0,4.0,7.0,-31.9,20.04,63.97,0.1607
664,-100,-50.0,45.0,4.0,8.5,-34.35,20.25,63.81,0.1977
665,-100,-50.0,45.0,4.0,10.0,-33.5833,20.04,63.97,0.165
666,-100,-50.0,50.0,2.0,1.0,,100.0,0.0,0.0
667,-100,-50.0,50.0,2.0,2.5,-61.0,100.0,0.0,2.0025
668,-100,-50.0,50.0,2.0,4.0,-60.8,99.28,0.57,1.112
669,-100,-50.0,50.0,2.0,5.5,-62.6167,96.88,2.5,1.5788
671,-100,-50.0,50.0,2.0,8.5,-62.9567,82.2,14.24,1.184
673,-100,-50.0,50.0,2.5,1.0,-55.58,97.34,2.13,2.1467
670,-100,-50.0,50.0,2.0,7.0,-62.67,83.59,13.13,1.0674
672,-100,-50.0,50.0,2.0,10.0,-65.86,86.64,10.69,1.1602
674,-100,-50.0,50.0,2.5,2.5,-56.7033,86.95,10.44,0.8502
675,-100,-50.0,50.0,2.5,4.0,-54.0767,60.35,31.72,0.5601
676,-100,-50.0,50.0,2.5,5.5,-57.4633,79.26,16.59,1.3269
677,-100,-50.0,50.0,2.5,7.0,-59.4333,74.67,20.27,0.7292
678,-100,-50.0,50.0,2.5,8.5,-57.35,64.4,28.48,0.5778
679,-100,-50.0,50.0,2.5,10.0,-60.7367,71.87,22.51,1.1817
681,-100,-50.0,50.0,3.0,2.5,-47.8933,51.28,38.98,0.3895
680,-100,-50.0,50.0,3.0,1.0,-49.8133,55.32,35.75,0.456
682,-100,-50.0,50.0,3.0,4.0,-50.4,54.84,36.13,0.518
683,-100,-50.0,50.0,3.0,5.5,-48.9,50.83,39.33,0.4806
684,-100,-50.0,50.0,3.0,7.0,-46.7233,29.78,56.18,0.4119
685,-100,-50.0,50.0,3.0,8.5,-51.1067,38.05,49.57,0.4512
686,-100,-50.0,50.0,3.0,10.0,-50.2767,38.85,48.92,0.5653
687,-100,-50.0,50.0,3.5,1.0,-40.63,25.38,59.71,0.2714
688,-100,-50.0,50.0,3.5,2.5,-39.8067,24.49,60.42,0.3017
689,-100,-50.0,50.0,3.5,4.0,-41.34,20.15,63.88,0.198
690,-100,-50.0,50.0,3.5,5.5,-40.9733,21.3,62.97,0.2705
691,-100,-50.0,50.0,3.5,7.0,-41.43,23.31,61.36,0.3135
692,-100,-50.0,50.0,3.5,8.5,-39.7167,23.4,61.29,0.3129
693,-100,-50.0,50.0,3.5,10.0,-42.6833,21.67,62.66,0.2657
694,-100,-50.0,50.0,4.0,1.0,-29.65,20.03,63.98,0.1529
695,-100,-50.0,50.0,4.0,2.5,-31.5933,20.03,63.99,0.1591
696,-100,-50.0,50.0,4.0,4.0,-32.5133,20.01,63.99,0.1379
697,-100,-50.0,50.0,4.0,5.5,-32.1833,20.07,63.96,0.176
701,-100,-50.0,55.0,2.0,1.0,-51.69,96.98,2.42,1.8985
702,-100,-50.0,55.0,2.0,2.5,-60.48,99.96,0.03,0.9996
698,-100,-50.0,50.0,4.0,7.0,-31.5633,20.04,63.97,0.1801
703,-100,-50.0,55.0,2.0,4.0,-60.9467,97.91,1.67,1.6015
699,-100,-50.0,50.0,4.0,8.5,-32.0733,20.02,63.99,0.1456
700,-100,-50.0,50.0,4.0,10.0,-32.8767,20.03,63.98,0.1719
704,-100,-50.0,55.0,2.0,5.5,-64.4533,97.87,1.7,1.6036
705,-100,-50.0,55.0,2.0,7.0,-65.0933,93.9,4.88,1.0828
706,-100,-50.0,55.0,2.0,8.5,-67.17,93.98,4.82,1.5255
707,-100,-50.0,55.0,2.0,10.0,-66.5167,82.34,14.13,1.0428
708,-100,-50.0,55.0,2.5,1.0,-56.27,82.1,14.32,0.5504
710,-100,-50.0,55.0,2.5,4.0,-55.5567,75.64,19.49,1.0767
709,-100,-50.0,55.0,2.5,2.5,-54.64,78.05,17.56,0.5352
711,-100,-50.0,55.0,2.5,5.5,-58.6867,75.42,19.67,0.8788
713,-100,-50.0,55.0,2.5,8.5,-57.0033,67.8,25.76,1.0224
712,-100,-50.0,55.0,2.5,7.0,-58.11,74.51,20.39,0.9652
714,-100,-50.0,55.0,2.5,10.0,-58.3667,61.31,30.96,0.8536
715,-100,-50.0,55.0,3.0,1.0,-47.0533,39.11,48.72,0.375
716,-100,-50.0,55.0,3.0,2.5,-47.1267,44.85,44.13,0.302
717,-100,-50.0,55.0,3.0,4.0,-49.1633,36.82,50.55,0.4559
718,-100,-50.0,55.0,3.0,5.5,-49.9133,43.48,45.22,0.4749
720,-100,-50.0,55.0,3.0,8.5,-47.47,34.29,52.57,0.4095
719,-100,-50.0,55.0,3.0,7.0,-49.79,38.84,48.94,0.5082
722,-100,-50.0,55.0,3.5,1.0,-40.4333,20.03,63.98,0.147
721,-100,-50.0,55.0,3.0,10.0,-48.7133,36.83,50.54,0.5158
723,-100,-50.0,55.0,3.5,2.5,-38.9233,20.05,63.97,0.1739
724,-100,-50.0,55.0,3.5,4.0,-37.33,20.08,63.95,0.173
725,-100,-50.0,55.0,3.5,5.5,-40.59,20.53,63.58,0.2075
726,-100,-50.0,55.0,3.5,7.0,-36.4667,20.09,63.94,0.1708
727,-100,-50.0,55.0,3.5,8.5,-41.9133,20.74,63.41,0.2519
728,-100,-50.0,55.0,3.5,10.0,-39.8133,22.15,62.29,0.29
729,-100,-50.0,55.0,4.0,1.0,-34.1233,20.4,63.68,0.1715
730,-100,-50.0,55.0,4.0,2.5,-31.1633,20.16,63.88,0.1933
731,-100,-50.0,55.0,4.0,4.0,-28.2,20.03,63.98,0.1542
732,-100,-50.0,55.0,4.0,5.5,-31.8733,20.03,63.98,0.153
736,-100,-45.0,25.0,2.0,1.0,,100.0,0.0,0.0
737,-100,-45.0,25.0,2.0,2.5,,100.0,0.0,0.0
733,-100,-50.0,55.0,4.0,7.0,-29.8133,20.04,63.98,0.1675
734,-100,-50.0,55.0,4.0,8.5,-28.75,20.04,63.97,0.1432
738,-100,-45.0,25.0,2.0,4.0,-59.0,100.0,0.0,1.2768
735,-100,-50.0,55.0,4.0,10.0,-29.3533,20.04,63.98,0.2194
739,-100,-45.0,25.0,2.0,5.5,-66.035,99.99,0.01,1.2065
740,-100,-45.0,25.0,2.0,7.0,-69.95,99.57,0.35,1.1963
741,-100,-45.0,25.0,2.0,8.5,-68.6933,97.73,1.82,1.1119
742,-100,-45.0,25.0,2.0,10.0,-70.5433,96.38,2.89,1.1263
744,-100,-45.0,25.0,2.5,2.5,-56.0,99.99,0.0,0.8001
743,-100,-45.0,25.0,2.5,1.0,-58.0,100.0,0.0,1.3315
746,-100,-45.0,25.0,2.5,5.5,-60.7067,98.09,1.52,1.041
745,-100,-45.0,25.0,2.5,4.0,-59.43,99.91,0.07,1.0235
747,-100,-45.0,25.0,2.5,7.0,-64.9,99.08,0.73,2.0345
748,-100,-45.0,25.0,2.5,8.5,-62.68,90.17,7.86,1.0644
750,-100,-45.0,25.0,3.0,1.0,-44.62,85.28,11.78,0.5223
749,-100,-45.0,25.0,2.5,10.0,-67.51,94.15,4.68,1.0742
751,-100,-45.0,25.0,3.0,2.5,-54.05,99.47,0.42,1.0374
752,-100,-45.0,25.0,3.0,4.0,-55.1567,94.57,4.34,0.9887
753,-100,-45.0,25.0,3.0,5.5,-54.9267,81.77,14.58,0.8819
754,-100,-45.0,25.0,3.0,7.0,-57.1367,78.04,17.57,0.7665
757,-100,-45.0,25.0,3.5,1.0,-48.7333,84.9,12.08,0.831
755,-100,-45.0,25.0,3.0,8.5,-57.5567,77.96,17.63,1.062
758,-100,-45.0,25.0,3.5,2.5,-52.2367,87.77,9.78,0.7992
756,-100,-45.0,25.0,3.0,10.0,-57.2033,69.79,24.17,0.853
759,-100,-45.0,25.0,3.5,4.0,-51.3633,72.95,21.64,0.216
760,-100,-45.0,25.0,3.5,5.5,-53.1867,77.14,18.29,0.8363
761,-100,-45.0,25.0,3.5,7.0,-52.1833,71.73,22.62,1.1662
762,-100,-45.0,25.0,3.5,8.5,-52.99,63.35,29.32,0.5325
763,-100,-45.0,25.0,3.5,10.0,-53.9667,65.55,27.56,0.9282
764,-100,-45.0,25.0,4.0,1.0,-43.5533,70.41,23.67,0.3413
765,-100,-45.0,25.0,4.0,2.5,-43.1333,62.72,29.83,0.6077
771,-100,-45.0,30.0,2.0,1.0,,100.0,0.0,0.0
766,-100,-45.0,25.0,4.0,4.0,-44.7167,52.69,37.85,0.5255
772,-100,-45.0,30.0,2.0,2.5,,100.0,0.0,0.0
767,-100,-45.0,25.0,4.0,5.5,-44.64,47.42,42.07,0.5197
773,-100,-45.0,30.0,2.0,4.0,-60.59,99.99,0.01,2.4367
768,-100,-45.0,25.0,4.0,7.0,-44.78,47.13,42.3,0.5991
769,-100,-45.0,25.0,4.0,8.5,-46.8533,45.5,43.6,0.6535
774,-100,-45.0,30.0,2.0,5.5,-61.67,99.97,0.02,1.096
775,-100,-45.0,30.0,2.0,7.0,-69.5033,99.93,0.06,2.5351
770,-100,-45.0,25.0,4.0,10.0,-41.38,31.16,55.07,0.434
776,-100,-45.0,30.0,2.0,8.5,-68.1767,99.14,0.69,1.05
777,-100,-45.0,30.0,2.0,10.0,-69.3033,96.68,2.66,1.1863
778,-100,-45.0,30.0,2.5,1.0,-49.84,99.84,0.13,1.1515
779,-100,-45.0,30.0,2.5,2.5,-54.33,100.0,0.0,0.9076
780,-100,-45.0,30.0,2.5,4.0,-58.92,99.95,0.04,1.3039
782,-100,-45.0,30.0,2.5,7.0,-61.29,97.22,2.22,1.5831
781,-100,-45.0,30.0,2.5,5.5,-61.8367,98.69,1.04,1.0376
783,-100,-45.0,30.0,2.5,8.5,-64.2633,95.29,3.77,1.109
785,-100,-45.0,30.0,3.0,1.0,-51.905,96.59,2.73,3.2687
784,-100,-45.0,30.0,2.5,10.0,-63.32,90.54,7.57,1.8069
786,-100,-45.0,30.0,3.0,2.5,-51.63,86.73,10.62,0.8628
787,-100,-45.0,30.0,3.0,4.0,-51.155,79.0,16.8,0.5952
789,-100,-45.0,30.0,3.0,7.0,-55.12,77.25,18.2,0.674
788,-100,-45.0,30.0,3.0,5.5,-55.3867,82.06,14.36,0.7244
790,-100,-45.0,30.0,3.0,8.5,-55.4367,75.86,19.32,1.1621
791,-100,-45.0,30.0,3.0,10.0,-57.6133,70.98,23.22,0.8468
792,-100,-45.0,30.0,3.5,1.0,-41.225,55.21,35.83,0.2533
794,-100,-45.0,30.0,3.5,4.0,-49.86,67.87,25.7,0.6795
793,-100,-45.0,30.0,3.5,2.5,-47.6267,60.05,31.96,0.4579
795,-100,-45.0,30.0,3.5,5.5,-49.2267,59.55,32.36,0.4366
796,-100,-45.0,30.0,3.5,7.0,-50.79,63.28,29.38,0.8272
797,-100,-45.0,30.0,3.5,8.5,-48.2133,46.42,42.86,0.45
798,-100,-45.0,30.0,3.5,10.0,-47.3333,50.43,39.66,0.6898
799,-100,-45.0,30.0,4.0,1.0,-39.2833,25.88,59.31,0.2722
801,-100,-45.0,30.0,4.0,4.0,-40.5367,35.59,51.54,0.4082
806,-100,-45.0,35.0,2.0,1.0,,100.0,0.0,0.0
800,-100,-45.0,30.0,4.0,2.5,-38.5,36.46,50.84,0.3816
807,-100,-45.0,35.0,2.0,2.5,,100.0,0.0,0.0
803,-100,-45.0,30.0,4.0,7.0,-40.7733,45.13,43.9,0.4684
802,-100,-45.0,30.0,4.0,5.5,-40.5533,27.69,57.84,0.3462
808,-100,-45.0,35.0,2.0,4.0,-68.5,100.0,0.0,0.8705
809,-100,-45.0,35.0,2.0,5.5,-63.835,99.46,0.43,1.5372
804,-100,-45.0,30.0,4.0,8.5,-45.23,43.33,45.34,0.483
810,-100,-45.0,35.0,2.0,7.0,-69.8867,99.88,0.1,1.0709
811,-100,-45.0,35.0,2.0,8.5,-67.36,96.51,2.79,2.136
805,-100,-45.0,30.0,4.0,10.0,-38.7767,26.47,58.83,0.3676
812,-100,-45.0,35.0,2.0,10.0,-71.21,98.07,1.54,2.0729
813,-100,-45.0,35.0,2.5,1.0,-46.95,97.36,2.11,1.3374
814,-100,-45.0,35.0,2.5,2.5,-51.34,99.59,0.33,2.359
815,-100,-45.0,35.0,2.5,4.0,-60.1233,99.84,0.13,1.2429
816,-100,-45.0,35.0,2.5,5.5,-60.2133,93.98,4.82,1.1106
820,-100,-45.0,35.0,3.0,1.0,-44.87,80.74,15.41,0.7039
817,-100,-45.0,35.0,2.5,7.0,-62.3367,89.16,8.68,0.9518
818,-100,-45.0,35.0,2.5,8.5,-61.6967,88.4,9.28,1.1191
819,-100,-45.0,35.0,2.5,10.0,-62.1267,84.84,12.13,1.1113
821,-100,-45.0,35.0,3.0,2.5,-51.2933,75.99,19.21,0.394
822,-100,-45.0,35.0,3.0,4.0,-53.66,91.16,7.07,1.4603
823,-100,-45.0,35.0,3.0,5.5,-53.2367,80.67,15.47,0.9998
825,-100,-45.0,35.0,3.0,8.5,-52.92,72.04,22.37,1.3098
824,-100,-45.0,35.0,3.0,7.0,-54.2667,73.33,21.34,0.7141
827,-100,-45.0,35.0,3.5,1.0,-45.09,66.09,27.13,0.2616
826,-100,-45.0,35.0,3.0,10.0,-49.5233,50.12,39.9,0.6566
828,-100,-45.0,35.0,3.5,2.5,-47.59,66.15,27.08,0.381
830,-100,-45.0,35.0,3.5,5.5,-45.58,46.78,42.58,0.346
829,-100,-45.0,35.0,3.5,4.0,-44.8533,48.24,41.41,0.3024
831,-100,-45.0,35.0,3.5,7.0,-44.62,41.1,47.12,0.4384
832,-100,-45.0,35.0,3.5,8.5,-45.8933,40.01,48.0,0.4537
834,-100,-45.0,35.0,4.0,1.0,-40.1967,36.5,50.8,0.3723
835,-100,-45.0,35.0,4.0,2.5,-39.3033,34.65,52.29,0.2718
833,-100,-45.0,35.0,3.5,10.0,-47.1233,44.27,44.59,0.6384
836,-100,-45.0,35.0,4.0,4.0,-40.9933,46.05,43.17,0.4102
842,-100,-45.0,40.0,2.0,2.5,,100.0,0.0,0.0
837,-100,-45.0,35.0,4.0,5.5,-39.53,26.34,58.94,0.391
841,-100,-45.0,40.0,2.0,1.0,-54.0,99.99,0.01,1.3076
843,-100,-45.0,40.0,2.0,4.0,-62.5,100.0,0.0,1.2407
844,-100,-45.0,40.0,2.0,5.5,-58.45,98.99,0.81,1.172
838,-100,-45.0,35.0,4.0,7.0,-40.53,27.07,58.35,0.393
845,-100,-45.0,40.0,2.0,7.0,-65.0567,99.79,0.17,1.2458
846,-100,-45.0,40.0,2.0,8.5,-68.3533,98.87,0.9,1.4181
839,-100,-45.0,35.0,4.0,8.5,-38.98,25.03,59.98,0.3148
840,-100,-45.0,35.0,4.0,10.0,-38.89,28.32,57.34,0.3697
847,-100,-45.0,40.0,2.0,10.0,-68.5,96.06,3.15,1.1339
848,-100,-45.0,40.0,2.5,1.0,-50.06,99.77,0.18,2.3129
849,-100,-45.0,40.0,2.5,2.5,-53.44,99.98,0.02,1.1549
850,-100,-45.0,40.0,2.5,4.0,-56.84,99.29,0.57,1.123
851,-100,-45.0,40.0,2.5,5.5,-57.9133,96.68,2.66,1.6405
853,-100,-45.0,40.0,2.5,8.5,-62.0933,87.7,9.84,1.1074
852,-100,-45.0,40.0,2.5,7.0,-57.4967,79.88,16.1,0.8235
855,-100,-45.0,40.0,3.0,1.0,-47.42,79.28,16.58,0.654
856,-100,-45.0,40.0,3.0,2.5,-48.4567,73.37,21.3,0.2589
854,-100,-45.0,40.0,2.5,10.0,-56.61,71.44,22.85,0.9565
857,-100,-45.0,40.0,3.0,4.0,-50.16,75.04,19.97,0.8569
858,-100,-45.0,40.0,3.0,5.5,-50.2233,67.62,25.9,0.8288
859,-100,-45.0,40.0,3.0,7.0,-52.0833,64.06,28.75,0.5656
861,-100,-45.0,40.0,3.0,10.0,-54.6033,70.14,23.89,1.1085
863,-100,-45.0,40.0,3.5,2.5,-45.95,70.42,23.67,0.2378
862,-100,-45.0,40.0,3.5,1.0,-44.5,55.79,35.37,0.3503
860,-100,-45.0,40.0,3.0,8.5,-50.7333,56.4,34.88,0.6122
864,-100,-45.0,40.0,3.5,4.0,-43.4667,54.45,36.44,0.5302
865,-100,-45.0,40.0,3.5,5.5,-42.7833,40.66,47.48,0.5111
867,-100,-45.0,40.0,3.5,8.5,-41.8567,34.98,52.02,0.509
869,-100,-45.0,40.0,4.0,1.0,-37.07,35.63,51.5,0.2796
868,-100,-45.0,40.0,3.5,10.0,-46.0333,41.64,46.7,0.5421
866,-100,-45.0,40.0,3.5,7.0,-42.83,38.22,49.43,0.4394
870,-100,-45.0,40.0,4.0,2.5,-37.9833,27.15,58.29,0.3303
871,-100,-45.0,40.0,4.0,4.0,-34.89,38.53,49.18,0.2553
876,-100,-45.0,45.0,2.0,1.0,,100.0,0.0,0.0
877,-100,-45.0,45.0,2.0,2.5,-54.75,99.98,0.01,2.2198
872,-100,-45.0,40.0,4.0,5.5,-36.8133,29.24,56.61,0.3453
873,-100,-45.0,40.0,4.0,7.0,-37.0733,22.56,61.96,0.2894
879,-100,-45.0,45.0,2.0,5.5,-64.2733,99.48,0.41,2.3806
874,-100,-45.0,40.0,4.0,8.5,-35.63,21.17,63.07,0.2639
875,-100,-45.0,40.0,4.0,10.0,-36.09,27.69,57.86,0.3981
880,-100,-45.0,45.0,2.0,7.0,-67.24,99.57,0.34,2.0318
878,-100,-45.0,45.0,2.0,4.0,-54.89,99.26,0.59,1.0312
881,-100,-45.0,45.0,2.0,8.5,-66.9733,97.03,2.38,1.0812
882,-100,-45.0,45.0,2.0,10.0,-64.98,90.57,7.55,1.1415
883,-100,-45.0,45.0,2.5,1.0,-50.83,99.85,0.12,1.0325
884,-100,-45.0,45.0,2.5,2.5,-52.315,99.0,0.8,1.2128
885,-100,-45.0,45.0,2.5,4.0,-59.0567,99.53,0.37,1.1256
886,-100,-45.0,45.0,2.5,5.5,-56.9133,86.72,10.63,0.7619
887,-100,-45.0,45.0,2.5,7.0,-60.2867,95.17,3.86,1.9104
888,-100,-45.0,45.0,2.5,8.5,-59.5333,82.84,13.73,1.1033
890,-100,-45.0,45.0,3.0,1.0,-45.805,79.37,16.51,0.8256
889,-100,-45.0,45.0,2.5,10.0,-57.6767,75.96,19.24,1.1207
891,-100,-45.0,45.0,3.0,2.5,-50.47,81.84,14.53,0.6756
892,-100,-45.0,45.0,3.0,4.0,-48.55,71.02,23.19,0.2704
893,-100,-45.0,45.0,3.0,5.5,-49.65,68.08,25.54,0.918
894,-100,-45.0,45.0,3.0,7.0,-50.2767,61.53,30.78,0.7218
895,-100,-45.0,45.0,3.0,8.5,-49.57,49.29,40.57,0.5387
896,-100,-45.0,45.0,3.0,10.0,-53.99,69.11,24.71,1.2446
897,-100,-45.0,45.0,3.5,1.0,-37.9967,39.81,48.15,0.3451
899,-100,-45.0,45.0,3.5,4.0,-41.0533,51.56,38.76,0.4572
898,-100,-45.0,45.0,3.5,2.5,-41.81,39.75,48.2,0.35
900,-100,-45.0,45.0,3.5,5.5,-43.9833,45.17,43.86,0.4361
901,-100,-45.0,45.0,3.5,7.0,-43.8033,45.61,43.52,0.5405
902,-100,-45.0,45.0,3.5,8.5,-43.45,35.2,51.84,0.3997
904,-100,-45.0,45.0,4.0,1.0,-36.25,34.88,52.1,0.2621
903,-100,-45.0,45.0,3.5,10.0,-42.0133,33.66,53.08,0.506
905,-100,-45.0,45.0,4.0,2.5,-33.3967,22.12,62.31,0.2391
906,-100,-45.0,45.0,4.0,4.0,-35.5833,22.48,62.02,0.2352
907,-100,-45.0,45.0,4.0,5.5,-31.5167,20.15,63.89,0.1988
908,-100,-45.0,45.0,4.0,7.0,-34.68,20.74,63.41,0.2366
911,-100,-45.0,50.0,2.0,1.0,-54.29,99.99,0.01,1.0517
912,-100,-45.0,50.0,2.0,2.5,-55.48,99.98,0.02,1.4986
913,-100,-45.0,50.0,2.0,4.0,-59.89,99.53,0.38,2.1752
914,-100,-45.0,50.0,2.0,5.5,-61.695,99.82,0.14,1.2727
909,-100,-45.0,45.0,4.0,8.5,-35.8633,27.7,57.84,0.3638
910,-100,-45.0,45.0,4.0,10.0,-34.31,21.14,63.09,0.2665
918,-100,-45.0,50.0,2.5,1.0,-49.98,99.95,0.04,3.648
916,-100,-45.0,50.0,2.0,8.5,-64.27,96.15,3.08,1.2475
915,-100,-45.0,50.0,2.0,7.0,-60.76,93.51,5.19,1.0112
917,-100,-45.0,50.0,2.0,10.0,-66.39,94.95,4.04,1.1078
919,-100,-45.0,50.0,2.5,2.5,-51.13,81.39,14.89,0.4579
920,-100,-45.0,50.0,2.5,4.0,-55.7933,95.99,3.21,2.131
922,-100,-45.0,50.0,2.5,7.0,-56.9933,91.98,6.42,1.5743
921,-100,-45.0,50.0,2.5,5.5,-58.6133,90.61,7.51,1.1573
925,-100,-45.0,50.0,3.0,1.0,-46.03,72.53,21.98,0.1918
923,-100,-45.0,50.0,2.5,8.5,-56.3633,81.53,14.77,1.3231
924,-100,-45.0,50.0,2.5,10.0,-57.8233,76.55,18.76,1.0737
927,-100,-45.0,50.0,3.0,4.0,-50.9367,70.5,23.6,0.4644
928,-100,-45.0,50.0,3.0,5.5,-46.1533,48.21,41.44,0.3164
926,-100,-45.0,50.0,3.0,2.5,-45.2567,63.97,28.82,0.3787
930,-100,-45.0,50.0,3.0,8.5,-48.7633,50.96,39.24,0.5465
929,-100,-45.0,50.0,3.0,7.0,-48.6333,53.08,37.54,0.5732
931,-100,-45.0,50.0,3.0,10.0,-52.3467,62.74,29.81,1.0801
932,-100,-45.0,50.0,3.5,1.0,-38.0333,30.22,55.83,0.2589
933,-100,-45.0,50.0,3.5,2.5,-39.6033,31.33,54.94,0.3439
934,-100,-45.0,50.0,3.5,4.0,-41.4033,48.07,41.55,0.3755
935,-100,-45.0,50.0,3.5,5.5,-43.64,42.97,45.63,0.269
936,-100,-45.0,50.0,3.5,7.0,-40.4133,35.18,51.87,0.4621
939,-100,-45.0,50.0,4.0,1.0,-33.7533,20.24,63.81,0.1679
940,-100,-45.0,50.0,4.0,2.5,-33.7067,20.03,63.98,0.1684
937,-100,-45.0,50.0,3.5,8.5,-41.5,26.89,58.49,0.4112
941,-100,-45.0,50.0,4.0,4.0,-34.02,20.37,63.71,0.2475
938,-100,-45.0,50.0,3.5,10.0,-41.72,28.22,57.43,0.4292
942,-100,-45.0,50.0,4.0,5.5,-35.2467,20.22,63.82,0.2047
944,-100,-45.0,50.0,4.0,8.5,-30.99,20.09,63.94,0.2021
943,-100,-45.0,50.0,4.0,7.0,-33.9267,23.49,61.21,0.2966
947,-100,-45.0,55.0,2.0,2.5,-54.06,99.9,0.08,1.0373
946,-100,-45.0,55.0,2.0,1.0,-58.0,100.0,0.0,1.1725
948,-100,-45.0,55.0,2.0,4.0,-55.44,99.79,0.17,1.1016
949,-100,-45.0,55.0,2.0,5.5,-64.035,99.98,0.02,1.7526
945,-100,-45.0,50.0,4.0,10.0,-30.9533,20.25,63.81,0.2414
950,-100,-45.0,55.0,2.0,7.0,-63.5433,96.34,2.93,1.0852
952,-100,-45.0,55.0,2.0,10.0,-64.5433,92.83,5.74,1.7378
951,-100,-45.0,55.0,2.0,8.5,-63.5533,92.54,5.97,1.0196
953,-100,-45.0,55.0,2.5,1.0,-50.81,99.95,0.04,1.1
954,-100,-45.0,55.0,2.5,2.5,-50.06,96.76,2.59,0.994
955,-100,-45.0,55.0,2.5,4.0,-53.08,92.12,6.3,0.9843
956,-100,-45.0,55.0,2.5,5.5,-54.06,77.08,18.34,0.9162
957,-100,-45.0,55.0,2.5,7.0,-53.6767,78.3,17.36,1.099
958,-100,-45.0,55.0,2.5,8.5,-57.1067,83.21,13.44,1.3243
959,-100,-45.0,55.0,2.5,10.0,-56.36,79.36,16.51,1.4609
960,-100,-45.0,55.0,3.0,1.0,-45.68,70.58,23.54,0.2288
962,-100,-45.0,55.0,3.0,4.0,-48.42,72.29,22.17,1.0323
961,-100,-45.0,55.0,3.0,2.5,-46.2067,66.6,26.72,0.3488
963,-100,-45.0,55.0,3.0,5.5,-49.7433,73.41,21.27,1.1718
964,-100,-45.0,55.0,3.0,7.0,-48.46,56.19,35.05,0.5069
965,-100,-45.0,55.0,3.0,8.5,-49.0967,49.48,40.42,0.4845
966,-100,-45.0,55.0,3.0,10.0,-48.7833,47.66,41.88,0.7585
967,-100,-45.0,55.0,3.5,1.0,-37.92,27.5,58.01,0.2688
968,-100,-45.0,55.0,3.5,2.5,-39.0967,35.42,51.67,0.3457
969,-100,-45.0,55.0,3.5,4.0,-38.87,22.89,61.7,0.2636
971,-100,-45.0,55.0,3.5,7.0,-36.22,22.27,62.19,0.3007
970,-100,-45.0,55.0,3.5,5.5,-38.1633,27.17,58.26,0.3694
972,-100,-45.0,55.0,3.5,8.5,-39.1333,22.01,62.4,0.2849
974,-100,-45.0,55.0,4.0,1.0,-30.2733,20.02,63.99,0.1368
975,-100,-45.0,55.0,4.0,2.5,-30.7733,20.08,63.94,0.1541
976,-100,-45.0,55.0,4.0,4.0,-28.3967,20.05,63.96,0.1589
973,-100,-45.0,55.0,3.5,10.0,-40.3567,24.13,60.7,0.374
977,-100,-45.0,55.0,4.0,5.5,-32.3167,24.67,60.26,0.2695
978,-100,-45.0,55.0,4.0,7.0,-33.2633,20.03,63.98,0.1951
982,-100,-40.0,25.0,2.0,2.5,,100.0,0.0,0.0
981,-100,-40.0,25.0,2.0,1.0,,100.0,0.0,0.0
983,-100,-40.0,25.0,2.0,4.0,,100.0,0.0,0.0
984,-100,-40.0,25.0,2.0,5.5,,100.0,0.0,0.0
979,-100,-45.0,55.0,4.0,8.5,-32.2567,20.1,63.92,0.2049
985,-100,-40.0,25.0,2.0,7.0,-61.44,99.77,0.18,1.1483
980,-100,-45.0,55.0,4.0,10.0,-31.9333,20.18,63.86,0.218
986,-100,-40.0,25.0,2.0,8.5,-68.21,99.73,0.22,2.2225
987,-100,-40.0,25.0,2.0,10.0,-68.6667,99.31,0.55,1.3721
988,-100,-40.0,25.0,2.5,1.0,,100.0,0.0,0.0
989,-100,-40.0,25.0,2.5,2.5,-53.0,100.0,0.0,1.0598
990,-100,-40.0,25.0,2.5,4.0,,100.0,0.0,0.0
992,-100,-40.0,25.0,2.5,7.0,-59.43,99.08,0.74,1.127
993,-100,-40.0,25.0,2.5,8.5,-60.8967,96.56,2.75,2.2946
991,-100,-40.0,25.0,2.5,5.5,-58.63,99.72,0.22,1.1029
994,-100,-40.0,25.0,2.5,10.0,-61.5667,94.05,4.76,1.3817
996,-100,-40.0,25.0,3.0,2.5,-48.51,99.87,0.1,1.1087
995,-100,-40.0,25.0,3.0,1.0,-42.05,96.58,2.73,0.9522
998,-100,-40.0,25.0,3.0,5.5,-54.255,98.03,1.57,2.2569
997,-100,-40.0,25.0,3.0,4.0,-53.58,99.67,0.26,2.3889
999,-100,-40.0,25.0,3.0,7.0,-57.48,90.73,7.42,1.09
1000,-100,-40.0,25.0,3.0,8.5,-56.6667,90.76,7.39,1.1038
1001,-100,-40.0,25.0,3.0,10.0,-57.9067,91.33,6.94,1.7453
1002,-100,-40.0,25.0,3.5,1.0,-47.435,91.48,6.81,0.9852
1003,-100,-40.0,25.0,3.5,2.5,-48.085,82.77,13.78,0.6559
1004,-100,-40.0,25.0,3.5,4.0,-46.895,81.94,14.45,0.7677
1005,-100,-40.0,25.0,3.5,5.5,-48.9667,74.94,20.05,0.5264
1007,-100,-40.0,25.0,3.5,8.5,-50.8667,71.59,22.74,0.8649
1008,-100,-40.0,25.0,3.5,10.0,-50.14,70.51,23.59,1.0125
1006,-100,-40.0,25.0,3.5,7.0,-48.9133,64.99,28.02,0.646
1010,-100,-40.0,25.0,4.0,2.5,-40.5233,69.44,24.45,0.3177
1009,-100,-40.0,25.0,4.0,1.0,-41.62,66.37,26.91,0.4064
1011,-100,-40.0,25.0,4.0,4.0,-42.0367,59.56,32.36,0.5895
1013,-100,-40.0,25.0,4.0,7.0,-48.2633,70.11,23.91,0.6252
1012,-100,-40.0,25.0,4.0,5.5,-41.15,51.36,38.92,0.5164
1016,-100,-40.0,30.0,2.0,1.0,,100.0,0.0,0.0
1017,-100,-40.0,30.0,2.0,2.5,,100.0,0.0,0.0
1014,-100,-40.0,25.0,4.0,8.5,-43.8133,49.97,40.03,0.5749
1018,-100,-40.0,30.0,2.0,4.0,,100.0,0.0,0.0
1019,-100,-40.0,30.0,2.0,5.5,-56.03,99.95,0.04,1.1028
1022,-100,-40.0,30.0,2.0,10.0,-67.7833,98.42,1.26,1.1021
1020,-100,-40.0,30.0,2.0,7.0,-70.27,99.95,0.04,1.1151
1015,-100,-40.0,25.0,4.0,10.0,-39.27,41.54,46.77,0.5851
1021,-100,-40.0,30.0,2.0,8.5,-66.62,99.75,0.2,2.3786
1024,-100,-40.0,30.0,2.5,2.5,-53.0,100.0,0.0,1.8998
1023,-100,-40.0,30.0,2.5,1.0,,100.0,0.0,0.0
1025,-100,-40.0,30.0,2.5,4.0,-55.43,99.99,0.01,1.0346
1026,-100,-40.0,30.0,2.5,5.5,-58.2467,99.28,0.57,1.1524
1028,-100,-40.0,30.0,2.5,8.5,-61.1067,95.6,3.52,1.1164
1029,-100,-40.0,30.0,2.5,10.0,-59.43,93.58,5.14,1.4934
1027,-100,-40.0,30.0,2.5,7.0,-57.88,96.97,2.42,1.0961
1030,-100,-40.0,30.0,3.0,1.0,-47.5,99.97,0.02,2.3155
1032,-100,-40.0,30.0,3.0,4.0,-52.545,99.15,0.68,1.0127
1031,-100,-40.0,30.0,3.0,2.5,-42.17,89.63,8.3,0.884
1033,-100,-40.0,30.0,3.0,5.5,-56.93,96.91,2.47,1.0209
1034,-100,-40.0,30.0,3.0,7.0,-54.66,89.48,8.42,1.273
1035,-100,-40.0,30.0,3.0,8.5,-51.9367,77.81,17.76,0.8944
1036,-100,-40.0,30.0,3.0,10.0,-53.3967,75.92,19.26,0.96
1037,-100,-40.0,30.0,3.5,1.0,-41.34,87.03,10.38,0.8677
1039,-100,-40.0,30.0,3.5,4.0,-52.17,93.24,5.4,1.6352
1038,-100,-40.0,30.0,3.5,2.5,-44.245,77.19,18.25,0.471
1040,-100,-40.0,30.0,3.5,5.5,-49.7367,73.4,21.28,0.5668
1043,-100,-40.0,30.0,3.5,10.0,-49.9467,78.03,17.58,1.5862
1041,-100,-40.0,30.0,3.5,7.0,-46.67,70.9,23.28,0.6435
1042,-100,-40.0,30.0,3.5,8.5,-50.58,69.68,24.26,0.6464
1044,-100,-40.0,30.0,4.0,1.0,-38.36,61.54,30.77,0.4885
1045,-100,-40.0,30.0,4.0,2.5,-42.25,57.51,34.0,0.4049
1046,-100,-40.0,30.0,4.0,4.0,-38.67,48.48,41.22,0.5624
1051,-100,-40.0,35.0,2.0,1.0,,100.0,0.0,0.0
1047,-100,-40.0,30.0,4.0,5.5,-38.3133,42.07,46.34,0.3493
1048,-100,-40.0,30.0,4.0,7.0,-42.4467,50.14,39.9,0.7294
1052,-100,-40.0,35.0,2.0,2.5,,100.0,0.0,0.0
1053,-100,-40.0,35.0,2.0,4.0,,100.0,0.0,0.0
1049,-100,-40.0,30.0,4.0,8.5,-41.54,39.86,48.11,0.5991
1054,-100,-40.0,35.0,2.0,5.5,,100.0,0.0,0.0
1050,-100,-40.0,30.0,4.0,10.0,-39.7767,38.58,49.14,0.5911
1055,-100,-40.0,35.0,2.0,7.0,-62.315,99.87,0.1,1.0595
1056,-100,-40.0,35.0,2.0,8.5,-66.0233,99.68,0.25,1.1406
1057,-100,-40.0,35.0,2.0,10.0,-69.4033,99.38,0.5,1.088
1058,-100,-40.0,35.0,2.5,1.0,,100.0,0.0,0.0
1059,-100,-40.0,35.0,2.5,2.5,,100.0,0.0,0.0
1060,-100,-40.0,35.0,2.5,4.0,-53.39,99.94,0.05,1.4898
1061,-100,-40.0,35.0,2.5,5.5,-54.115,97.95,1.64,2.1721
1062,-100,-40.0,35.0,2.5,7.0,-58.0733,97.75,1.8,1.4719
1065,-100,-40.0,35.0,3.0,1.0,-47.04,99.95,0.04,1.0268
1066,-100,-40.0,35.0,3.0,2.5,-45.1,99.23,0.61,2.2788
1064,-100,-40.0,35.0,2.5,10.0,-60.3,89.28,8.58,1.1356
1063,-100,-40.0,35.0,2.5,8.5,-62.2733,98.2,1.44,1.1823
1067,-100,-40.0,35.0,3.0,4.0,-52.6167,90.25,7.8,0.9148
1068,-100,-40.0,35.0,3.0,5.5,-50.95,83.78,12.98,0.8034
1069,-100,-40.0,35.0,3.0,7.0,-54.1767,85.72,11.43,0.9913
1070,-100,-40.0,35.0,3.0,8.5,-50.1,72.45,22.04,0.7263
1071,-100,-40.0,35.0,3.0,10.0,-52.2133,78.24,17.41,1.2834
1072,-100,-40.0,35.0,3.5,1.0,-43.485,86.66,10.67,0.3715
1073,-100,-40.0,35.0,3.5,2.5,-41.465,79.8,16.16,0.6679
1074,-100,-40.0,35.0,3.5,4.0,-47.29,74.33,20.54,0.4943
1077,-100,-40.0,35.0,3.5,8.5,-47.63,65.93,27.25,0.6474
1076,-100,-40.0,35.0,3.5,7.0,-44.97,62.07,30.35,0.749
1075,-100,-40.0,35.0,3.5,5.5,-45.48,66.46,26.84,0.5477
1078,-100,-40.0,35.0,3.5,10.0,-46.1867,57.69,33.85,0.9776
1079,-100,-40.0,35.0,4.0,1.0,-36.8233,59.15,32.68,0.4245
1080,-100,-40.0,35.0,4.0,2.5,-39.31,68.01,25.59,0.4059
1081,-100,-40.0,35.0,4.0,4.0,-38.9433,62.58,29.94,0.4516
1082,-100,-40.0,35.0,4.0,5.5,-39.4533,39.3,48.56,0.4391
1086,-100,-40.0,40.0,2.0,1.0,,100.0,0.0,0.0
1083,-100,-40.0,35.0,4.0,7.0,-39.0333,43.02,45.58,0.3917
1087,-100,-40.0,40.0,2.0,2.5,,100.0,0.0,0.0
1088,-100,-40.0,40.0,2.0,4.0,-57.0,100.0,0.0,1.3913
1089,-100,-40.0,40.0,2.0,5.5,,100.0,0.0,0.0
1090,-100,-40.0,40.0,2.0,7.0,-59.245,99.6,0.32,1.0144
1091,-100,-40.0,40.0,2.0,8.5,-65.8067,99.64,0.29,1.5426
1084,-100,-40.0,35.0,4.0,8.5,-42.0967,48.22,41.43,0.6071
1092,-100,-40.0,40.0,2.0,10.0,-69.0367,99.18,0.65,1.1053
1093,-100,-40.0,40.0,2.5,1.0,,100.0,0.0,0.0
1085,-100,-40.0,35.0,4.0,10.0,-38.2767,33.2,53.45,0.5215
1094,-100,-40.0,40.0,2.5,2.5,,100.0,0.0,0.0
1096,-100,-40.0,40.0,2.5,5.5,-55.98,99.93,0.05,3.1038
1095,-100,-40.0,40.0,2.5,4.0,-51.735,99.51,0.39,1.1031
1097,-100,-40.0,40.0,2.5,7.0,-56.5667,91.11,7.11,1.0115
1098,-100,-40.0,40.0,2.5,8.5,-58.0767,92.03,6.37,1.2223
1099,-100,-40.0,40.0,2.5,10.0,-59.6667,92.26,6.19,1.0723
1100,-100,-40.0,40.0,3.0,1.0,-41.96,92.99,5.61,0.8883
1102,-100,-40.0,40.0,3.0,4.0,-48.565,97.46,2.03,2.0916
1101,-100,-40.0,40.0,3.0,2.5,-44.685,93.66,5.07,1.0592
1103,-100,-40.0,40.0,3.0,5.5,-50.19,90.45,7.64,2.126
1105,-100,-40.0,40.0,3.0,8.5,-51.58,78.72,17.02,0.8933
1104,-100,-40.0,40.0,3.0,7.0,-49.2633,77.57,17.94,1.057
1106,-100,-40.0,40.0,3.0,10.0,-52.0467,83.64,13.09,2.1185
1107,-100,-40.0,40.0,3.5,1.0,-41.8933,72.71,21.84,0.2657
1108,-100,-40.0,40.0,3.5,2.5,-42.74,71.02,23.18,0.2067
1110,-100,-40.0,40.0,3.5,5.5,-44.3867,63.89,28.89,0.7354
1109,-100,-40.0,40.0,3.5,4.0,-41.6967,62.61,29.92,0.4884
1111,-100,-40.0,40.0,3.5,7.0,-44.2433,62.9,29.68,0.6765
1112,-100,-40.0,40.0,3.5,8.5,-46.6,64.83,28.14,0.5932
1113,-100,-40.0,40.0,3.5,10.0,-41.0,41.66,46.68,0.6349
1114,-100,-40.0,40.0,4.0,1.0,-36.89,47.02,42.39,0.2272
1115,-100,-40.0,40.0,4.0,2.5,-35.23,37.52,49.99,0.3563
1116,-100,-40.0,40.0,4.0,4.0,-34.79,39.73,48.22,0.4267
1117,-100,-40.0,40.0,4.0,5.5,-40.2433,49.87,40.11,0.4975
1121,-100,-40.0,45.0,2.0,1.0,,100.0,0.0,0.0
1118,-100,-40.0,40.0,4.0,7.0,-38.07,42.19,46.25,0.5094
1122,-100,-40.0,45.0,2.0,2.5,,100.0,0.0,0.0
1123,-100,-40.0,45.0,2.0,4.0,,100.0,0.0,0.0
1120,-100,-40.0,40.0,4.0,10.0,-33.1667,31.36,54.91,0.3906
1119,-100,-40.0,40.0,4.0,8.5,-38.3133,31.25,55.0,0.4654
1124,-100,-40.0,45.0,2.0,5.5,-57.95,99.95,0.04,1.088
1125,-100,-40.0,45.0,2.0,7.0,-61.01,99.83,0.14,3.478
1126,-100,-40.0,45.0,2.0,8.5,-67.33,99.64,0.29,1.3454
1127,-100,-40.0,45.0,2.0,10.0,-66.8733,98.25,1.4,1.1242
1128,-100,-40.0,45.0,2.5,1.0,-52.0,100.0,0.0,1.6388
1129,-100,-40.0,45.0,2.5,2.5,-47.11,99.72,0.22,1.5681
1130,-100,-40.0,45.0,2.5,4.0,-52.18,99.77,0.18,1.1582
1131,-100,-40.0,45.0,2.5,5.5,-55.2,99.67,0.26,1.5114
1132,-100,-40.0,45.0,2.5,7.0,-58.0,98.72,1.02,1.8783
1133,-100,-40.0,45.0,2.5,8.5,-55.32,91.74,6.61,1.4803
1134,-100,-40.0,45.0,2.5,10.0,-56.0667,87.38,10.1,1.398
1135,-100,-40.0,45.0,3.0,1.0,-45.87,99.21,0.64,1.0372
1136,-100,-40.0,45.0,3.0,2.5,-46.145,92.36,6.12,1.7953
1137,-100,-40.0,45.0,3.0,4.0,-50.1833,95.19,3.84,0.9881
1138,-100,-40.0,45.0,3.0,5.5,-51.0733,87.12,10.3,1.0224
1139,-100,-40.0,45.0,3.0,7.0,-53.4267,91.85,6.52,1.8632
1141,-100,-40.0,45.0,3.0,10.0,-53.3033,76.55,18.76,1.0992
1140,-100,-40.0,45.0,3.0,8.5,-48.6767,68.32,25.35,1.0399
1142,-100,-40.0,45.0,3.5,1.0,-40.0733,71.66,22.68,0.2052
1143,-100,-40.0,45.0,3.5,2.5,-40.17,48.64,41.09,0.199
1144,-100,-40.0,45.0,3.5,4.0,-41.99,53.26,37.39,0.4563
1145,-100,-40.0,45.0,3.5,5.5,-40.8767,51.0,39.2,0.4613
1147,-100,-40.0,45.0,3.5,8.5,-42.15,53.63,37.1,0.8259
1146,-100,-40.0,45.0,3.5,7.0,-39.22,39.39,48.49,0.5379
1148,-100,-40.0,45.0,3.5,10.0,-42.2367,51.42,38.87,0.7138
1149,-100,-40.0,45.0,4.0,1.0,-34.9767,40.22,47.82,0.2321
1150,-100,-40.0,45.0,4.0,2.5,-34.8867,49.78,40.18,0.3282
1151,-100,-40.0,45.0,4.0,4.0,-37.4967,35.02,51.99,0.4992
1152,-100,-40.0,45.0,4.0,5.5,-35.8,33.25,53.4,0.4325
1156,-100,-40.0,50.0,2.0,1.0,,100.0,0.0,0.0
1157,-100,-40.0,50.0,2.0,2.5,,100.0,0.0,0.0
1153,-100,-40.0,45.0,4.0,7.0,-33.5967,22.51,61.99,0.2746
1154,-100,-40.0,45.0,4.0,8.5,-33.1667,25.96,59.24,0.3333
1160,-100,-40.0,50.0,2.0,7.0,-61.8167,99.2,0.64,2.2059
1155,-100,-40.0,45.0,4.0,10.0,-35.3933,27.42,58.06,0.4134
1161,-100,-40.0,50.0,2.0,8.5,-64.2733,98.83,0.94,1.0598
1162,-100,-40.0,50.0,2.0,10.0,-65.1233,97.03,2.38,1.4156
1158,-100,-40.0,50.0,2.0,4.0,,100.0,0.0,0.0
1159,-100,-40.0,50.0,2.0,5.5,-57.305,99.74,0.21,1.1144
1163,-100,-40.0,50.0,2.5,1.0,,100.0,0.0,0.0
1165,-100,-40.0,50.0,2.5,4.0,-53.04,99.33,0.53,1.1401
1164,-100,-40.0,50.0,2.5,2.5,-49.13,99.95,0.04,1.1089
1167,-100,-40.0,50.0,2.5,7.0,-55.8433,91.2,7.04,1.3787
1166,-100,-40.0,50.0,2.5,5.5,-56.33,97.19,2.24,1.5135
1168,-100,-40.0,50.0,2.5,8.5,-58.1,93.07,5.55,1.1944
1171,-100,-40.0,50.0,3.0,2.5,-47.61,98.86,0.91,2.2555
1169,-100,-40.0,50.0,2.5,10.0,-58.3833,82.39,14.09,0.9246
1170,-100,-40.0,50.0,3.0,1.0,-41.185,74.3,20.56,0.2133
1172,-100,-40.0,50.0,3.0,4.0,-45.6967,73.15,21.48,0.4053
1174,-100,-40.0,50.0,3.0,7.0,-50.3833,84.89,12.09,1.6371
1173,-100,-40.0,50.0,3.0,5.5,-48.3833,82.67,13.86,1.3743
1175,-100,-40.0,50.0,3.0,8.5,-45.0733,54.57,36.35,0.7824
1176,-100,-40.0,50.0,3.0,10.0,-51.4967,75.34,19.73,0.9831
1178,-100,-40.0,50.0,3.5,2.5,-38.4167,64.25,28.6,0.4937
1177,-100,-40.0,50.0,3.5,1.0,-39.55,62.25,30.2,0.3597
1179,-100,-40.0,50.0,3.5,4.0,-39.9067,52.23,38.22,0.302
1180,-100,-40.0,50.0,3.5,5.5,-38.5567,35.65,51.48,0.4606
1181,-100,-40.0,50.0,3.5,7.0,-41.1967,48.92,40.87,0.6612
1185,-100,-40.0,50.0,4.0,2.5,-33.1167,34.75,52.2,0.2817
1183,-100,-40.0,50.0,3.5,10.0,-40.6467,41.67,46.67,0.5255
1186,-100,-40.0,50.0,4.0,4.0,-33.1833,37.69,49.85,0.3284
1184,-100,-40.0,50.0,4.0,1.0,-32.4667,31.09,55.14,0.3038
1182,-100,-40.0,50.0,3.5,8.5,-39.23,33.95,52.85,0.5234
1191,-100,-40.0,55.0,2.0,1.0,,100.0,0.0,0.0
1187,-100,-40.0,50.0,4.0,5.5,-31.2733,26.95,58.45,0.2871
1189,-100,-40.0,50.0,4.0,8.5,-32.9333,30.42,55.67,0.3269
1192,-100,-40.0,55.0,2.0,2.5,,100.0,0.0,0.0
1193,-100,-40.0,55.0,2.0,4.0,,100.0,0.0,0.0
1188,-100,-40.0,50.0,4.0,7.0,-33.0467,25.08,59.94,0.3701
1190,-100,-40.0,50.0,4.0,10.0,-34.0167,24.14,60.69,0.3832
1194,-100,-40.0,55.0,2.0,5.5,-61.25,100.0,0.0,2.6358
1196,-100,-40.0,55.0,2.0,8.5,-62.4633,98.1,1.52,2.0271
1198,-100,-40.0,55.0,2.5,1.0,-41.81,98.35,1.32,1.973
1195,-100,-40.0,55.0,2.0,7.0,-59.93,99.52,0.38,1.0658
1197,-100,-40.0,55.0,2.0,10.0,-64.69,96.92,2.47,1.1045
1199,-100,-40.0,55.0,2.5,2.5,-52.48,99.89,0.08,1.0057
1200,-100,-40.0,55.0,2.5,4.0,-50.005,95.39,3.69,1.0163
1201,-100,-40.0,55.0,2.5,5.5,-50.77,91.49,6.81,0.9962
1202,-100,-40.0,55.0,2.5,7.0,-54.4867,95.29,3.77,1.2314
1203,-100,-40.0,55.0,2.5,8.5,-54.78,85.04,11.97,1.1408
1205,-100,-40.0,55.0,3.0,1.0,-44.1433,73.33,21.34,0.1953
1204,-100,-40.0,55.0,2.5,10.0,-57.0767,81.96,14.43,0.8147
1206,-100,-40.0,55.0,3.0,2.5,-45.58,90.48,7.61,0.8859
1208,-100,-40.0,55.0,3.0,5.5,-47.3,71.09,23.13,0.5953
1207,-100,-40.0,55.0,3.0,4.0,-44.2467,73.19,21.45,1.0337
1209,-100,-40.0,55.0,3.0,7.0,-45.3667,64.24,28.62,0.6751
1210,-100,-40.0,55.0,3.0,8.5,-46.69,71.14,23.09,1.2138
1211,-100,-40.0,55.0,3.0,10.0,-49.43,66.22,27.02,0.8713
1212,-100,-40.0,55.0,3.5,1.0,-39.62,72.34,22.13,0.2666
1213,-100,-40.0,55.0,3.5,2.5,-38.95,48.85,40.93,0.2695
1214,-100,-40.0,55.0,3.5,4.0,-37.8833,44.49,44.41,0.4007
1216,-100,-40.0,55.0,3.5,7.0,-41.0533,56.79,34.57,0.6631
1215,-100,-40.0,55.0,3.5,5.5,-41.45,50.86,39.32,0.514
1218,-100,-40.0,55.0,3.5,10.0,-36.8933,36.85,50.52,0.5561
1219,-100,-40.0,55.0,4.0,1.0,-30.1833,31.21,55.03,0.3408
1220,-100,-40.0,55.0,4.0,2.5,-33.94,26.53,58.77,0.2783
1217,-100,-40.0,55.0,3.5,8.5,-38.3067,29.67,56.27,0.4834
1221,-100,-40.0,55.0,4.0,4.0,-32.5567,22.58,61.94,0.27
1222,-100,-40.0,55.0,4.0,5.5,-33.37,25.34,59.73,0.3007
1226,-100,-35.0,25.0,2.0,1.0,,100.0,0.0,0.0
1227,-100,-35.0,25.0,2.0,2.5,,100.0,0.0,0.0
1224,-100,-40.0,55.0,4.0,8.5,-30.1,25.39,59.69,0.309
1223,-100,-40.0,55.0,4.0,7.0,-32.8733,25.96,59.24,0.3222
1228,-100,-35.0,25.0,2.0,4.0,,100.0,0.0,0.0
1225,-100,-40.0,55.0,4.0,10.0,-31.4833,25.22,59.83,0.364
1229,-100,-35.0,25.0,2.0,5.5,,100.0,0.0,0.0
1231,-100,-35.0,25.0,2.0,8.5,-62.86,99.89,0.09,0.9988
1233,-100,-35.0,25.0,2.5,1.0,,100.0,0.0,0.0
1230,-100,-35.0,25.0,2.0,7.0,,100.0,0.0,0.0
1232,-100,-35.0,25.0,2.0,10.0,-73.1333,99.77,0.18,1.1511
1234,-100,-35.0,25.0,2.5,2.5,,100.0,0.0,0.0
1235,-100,-35.0,25.0,2.5,4.0,-53.0,100.0,0.0,4.4819
1236,-100,-35.0,25.0,2.5,5.5,-50.06,99.89,0.09,1.1157
1237,-100,-35.0,25.0,2.5,7.0,-63.82,99.98,0.02,2.2588
1238,-100,-35.0,25.0,2.5,8.5,-54.36,98.75,1.0,1.1263
1239,-100,-35.0,25.0,2.5,10.0,-66.7533,99.63,0.29,1.3809
1240,-100,-35.0,25.0,3.0,1.0,,100.0,0.0,0.0
1241,-100,-35.0,25.0,3.0,2.5,-45.6,99.99,0.01,0.9893
1242,-100,-35.0,25.0,3.0,4.0,-44.59,99.24,0.6,1.1109
1243,-100,-35.0,25.0,3.0,5.5,-51.285,97.01,2.39,1.1272
1244,-100,-35.0,25.0,3.0,7.0,-52.69,98.72,1.02,1.5534
1245,-100,-35.0,25.0,3.0,8.5,-57.2867,96.2,3.04,1.2631
1246,-100,-35.0,25.0,3.0,10.0,-55.9767,92.24,6.21,1.1319
1247,-100,-35.0,25.0,3.5,1.0,-43.62,99.94,0.05,1.0838
1248,-100,-35.0,25.0,3.5,2.5,-44.75,98.64,1.09,1.0301
1249,-100,-35.0,25.0,3.5,4.0,-44.375,90.13,7.9,0.8705
1250,-100,-35.0,25.0,3.5,5.5,-48.8267,95.01,3.99,2.1164
1252,-100,-35.0,25.0,3.5,8.5,-52.5033,89.78,8.18,1.2596
1251,-100,-35.0,25.0,3.5,7.0,-51.98,84.53,12.38,0.8603
1254,-100,-35.0,25.0,4.0,1.0,-39.72,93.39,5.29,1.7108
1255,-100,-35.0,25.0,4.0,2.5,-37.94,82.83,13.74,0.7829
1253,-100,-35.0,25.0,3.5,10.0,-50.43,83.28,13.38,1.0481
1256,-100,-35.0,25.0,4.0,4.0,-42.62,85.72,11.42,0.79
1257,-100,-35.0,25.0,4.0,5.5,-46.8667,74.51,20.39,0.4639
1258,-100,-35.0,25.0,4.0,7.0,-44.4733,72.14,22.29,0.3082
1262,-100,-35.0,30.0,2.0,2.5,,100.0,0.0,0.0
1259,-100,-35.0,25.0,4.0,8.5,-46.8133,80.59,15.53,1.3118
1261,-100,-35.0,30.0,2.0,1.0,,100.0,0.0,0.0
1263,-100,-35.0,30.0,2.0,4.0,,100.0,0.0,0.0
1260,-100,-35.0,25.0,4.0,10.0,-45.2533,71.52,22.78,1.0004
1264,-100,-35.0,30.0,2.0,5.5,-51.0,100.0,0.0,0.975
1265,-100,-35.0,30.0,2.0,7.0,-56.0,99.98,0.02,1.1084
1266,-100,-35.0,30.0,2.0,8.5,-65.59,99.96,0.03,2.2651
1268,-100,-35.0,30.0,2.5,1.0,,100.0,0.0,0.0
1267,-100,-35.0,30.0,2.0,10.0,-70.52,99.9,0.08,1.1627
1270,-100,-35.0,30.0,2.5,4.0,,100.0,0.0,0.0
1269,-100,-35.0,30.0,2.5,2.5,,100.0,0.0,0.0
1274,-100,-35.0,30.0,2.5,10.0,-64.9,99.71,0.24,2.6939
1271,-100,-35.0,30.0,2.5,5.5,-58.5,100.0,0.0,1.6085
1273,-100,-35.0,30.0,2.5,8.5,-66.6967,99.68,0.25,1.5285
1272,-100,-35.0,30.0,2.5,7.0,-57.9033,99.86,0.11,1.0636
1275,-100,-35.0,30.0,3.0,1.0,,100.0,0.0,0.0
1276,-100,-35.0,30.0,3.0,2.5,-43.37,99.9,0.08,1.1534
1277,-100,-35.0,30.0,3.0,4.0,-49.5,99.97,0.03,1.1055
1279,-100,-35.0,30.0,3.0,7.0,-56.0833,98.53,1.18,1.1887
1278,-100,-35.0,30.0,3.0,5.5,-50.6633,89.36,8.51,0.9156
1280,-100,-35.0,30.0,3.0,8.5,-57.54,96.67,2.67,1.1468
1282,-100,-35.0,30.0,3.5,1.0,-38.73,98.69,1.05,1.0325
1281,-100,-35.0,30.0,3.0,10.0,-59.5833,95.56,3.55,1.0761
1284,-100,-35.0,30.0,3.5,4.0,-46.52,96.05,3.16,1.0689
1285,-100,-35.0,30.0,3.5,5.5,-45.1133,85.65,11.48,1.1927
1286,-100,-35.0,30.0,3.5,7.0,-47.39,86.07,11.15,1.511
1283,-100,-35.0,30.0,3.5,2.5,-42.625,80.45,15.64,0.602
1287,-100,-35.0,30.0,3.5,8.5,-49.6867,81.41,14.87,0.9591
1288,-100,-35.0,30.0,3.5,10.0,-50.02,76.53,18.78,0.7869
1289,-100,-35.0,30.0,4.0,1.0,-39.38,76.14,19.09,0.4217
1290,-100,-35.0,30.0,4.0,2.5,-38.1,69.99,24.01,0.3465
1291,-100,-35.0,30.0,4.0,4.0,-38.0067,69.51,24.4,0.3904
1292,-100,-35.0,30.0,4.0,5.5,-40.38,69.89,24.1,0.5242
1293,-100,-35.0,30.0,4.0,7.0,-41.7533,66.27,26.99,0.7988
1294,-100,-35.0,30.0,4.0,8.5,-38.4133,56.95,34.45,0.7672
1296,-100,-35.0,35.0,2.0,1.0,,100.0,0.0,0.0
1297,-100,-35.0,35.0,2.0,2.5,,100.0,0.0,0.0
1298,-100,-35.0,35.0,2.0,4.0,,100.0,0.0,0.0
1299,-100,-35.0,35.0,2.0,5.5,,100.0,0.0,0.0
1295,-100,-35.0,30.0,4.0,10.0,-40.9833,56.18,35.06,0.6575
1301,-100,-35.0,35.0,2.0,8.5,-64.17,99.97,0.02,2.4358
1300,-100,-35.0,35.0,2.0,7.0,,100.0,0.0,0.0
1303,-100,-35.0,35.0,2.5,1.0,,100.0,0.0,0.0
1302,-100,-35.0,35.0,2.0,10.0,-68.0867,99.72,0.23,1.9447
1304,-100,-35.0,35.0,2.5,2.5,,100.0,0.0,0.0
1305,-100,-35.0,35.0,2.5,4.0,-62.0,100.0,0.0,0.6147
1306,-100,-35.0,35.0,2.5,5.5,-53.145,99.95,0.04,1.0956
1309,-100,-35.0,35.0,2.5,10.0,-61.5467,97.96,1.63,2.2499
1311,-100,-35.0,35.0,3.0,2.5,-43.85,99.89,0.09,2.2909
1307,-100,-35.0,35.0,2.5,7.0,-59.92,98.45,1.24,1.2158
1308,-100,-35.0,35.0,2.5,8.5,-62.2767,99.39,0.49,1.127
1310,-100,-35.0,35.0,3.0,1.0,-42.91,99.97,0.02,1.1132
1312,-100,-35.0,35.0,3.0,4.0,-47.425,99.37,0.5,1.2072
1314,-100,-35.0,35.0,3.0,7.0,-49.68,90.32,7.74,1.0959
1313,-100,-35.0,35.0,3.0,5.5,-52.17,97.43,2.06,1.1213
1315,-100,-35.0,35.0,3.0,8.5,-54.64,91.96,6.43,1.1507
1316,-100,-35.0,35.0,3.0,10.0,-54.9733,93.45,5.24,1.3115
1317,-100,-35.0,35.0,3.5,1.0,-38.34,99.11,0.72,1.2201
1318,-100,-35.0,35.0,3.5,2.5,-33.7,75.56,19.55,0.379
1319,-100,-35.0,35.0,3.5,4.0,-44.65,90.93,7.26,1.7395
1320,-100,-35.0,35.0,3.5,5.5,-46.7167,86.12,11.11,1.2657
1321,-100,-35.0,35.0,3.5,7.0,-49.67,88.92,8.87,1.0458
1322,-100,-35.0,35.0,3.5,8.5,-44.6367,71.21,23.04,1.0207
1323,-100,-35.0,35.0,3.5,10.0,-47.94,68.56,25.16,0.6399
1324,-100,-35.0,35.0,4.0,1.0,-32.2,58.64,33.09,0.2118
1325,-100,-35.0,35.0,4.0,2.5,-40.0167,68.42,25.27,0.3404
1327,-100,-35.0,35.0,4.0,5.5,-37.3033,58.63,33.1,0.4903
1326,-100,-35.0,35.0,4.0,4.0,-39.68,60.59,31.53,0.4751
1328,-100,-35.0,35.0,4.0,7.0,-38.4267,55.41,35.67,0.609
1331,-100,-35.0,40.0,2.0,1.0,,100.0,0.0,0.0
1329,-100,-35.0,35.0,4.0,8.5,-40.0633,56.96,34.44,0.6608
1330,-100,-35.0,35.0,4.0,10.0,-41.2133,63.61,29.11,0.9425
1332,-100,-35.0,40.0,2.0,2.5,,100.0,0.0,0.0
1334,-100,-35.0,40.0,2.0,5.5,,100.0,0.0,0.0
1335,-100,-35.0,40.0,2.0,7.0,,100.0,0.0,0.0
1333,-100,-35.0,40.0,2.0,4.0,,100.0,0.0,0.0
1336,-100,-35.0,40.0,2.0,8.5,-65.9,99.88,0.1,3.1693
1337,-100,-35.0,40.0,2.0,10.0,-65.7867,99.42,0.47,1.1501
1338,-100,-35.0,40.0,2.5,1.0,-47.0,100.0,0.0,1.4281
1339,-100,-35.0,40.0,2.5,2.5,,100.0,0.0,0.0
1341,-100,-35.0,40.0,2.5,5.5,-53.27,99.98,0.02,2.1598
1340,-100,-35.0,40.0,2.5,4.0,-49.4,100.0,0.0,1.2582
1343,-100,-35.0,40.0,2.5,8.5,-61.06,99.0,0.8,2.1839
1344,-100,-35.0,40.0,2.5,10.0,-56.05,95.76,3.39,2.0759
1342,-100,-35.0,40.0,2.5,7.0,-56.43,99.86,0.11,1.4196
1346,-100,-35.0,40.0,3.0,2.5,-46.47,99.99,0.01,0.9215
1345,-100,-35.0,40.0,3.0,1.0,-42.55,99.95,0.04,1.1504
1347,-100,-35.0,40.0,3.0,4.0,-50.555,99.8,0.16,2.2101
1348,-100,-35.0,40.0,3.0,5.5,-52.3367,98.68,1.05,2.1943
1349,-100,-35.0,40.0,3.0,7.0,-54.46,96.79,2.57,1.4302
1350,-100,-35.0,40.0,3.0,8.5,-51.61,92.05,6.36,1.8293
1351,-100,-35.0,40.0,3.0,10.0,-50.7133,86.27,10.98,1.5653
1353,-100,-35.0,40.0,3.5,2.5,-43.51,92.13,6.3,1.7623
1352,-100,-35.0,40.0,3.5,1.0,-37.405,75.1,19.92,0.303
1354,-100,-35.0,40.0,3.5,4.0,-44.19,89.47,8.42,1.5997
1355,-100,-35.0,40.0,3.5,5.5,-44.9167,82.32,14.14,0.8381
1356,-100,-35.0,40.0,3.5,7.0,-45.9133,75.97,19.22,0.82
1358,-100,-35.0,40.0,3.5,10.0,-43.65,69.08,24.74,1.0312
1359,-100,-35.0,40.0,4.0,1.0,-33.6,63.78,28.98,0.4168
1357,-100,-35.0,40.0,3.5,8.5,-45.41,66.61,26.71,0.7232
1360,-100,-35.0,40.0,4.0,2.5,-35.8233,60.67,31.47,0.5203
1361,-100,-35.0,40.0,4.0,4.0,-35.78,62.48,30.02,0.4514
1366,-100,-35.0,45.0,2.0,1.0,,100.0,0.0,0.0
1362,-100,-35.0,40.0,4.0,5.5,-38.0567,57.62,33.91,0.5774
1367,-100,-35.0,45.0,2.0,2.5,,100.0,0.0,0.0
1365,-100,-35.0,40.0,4.0,10.0,-36.3333,50.42,39.67,0.7254
1368,-100,-35.0,45.0,2.0,4.0,-48.0,100.0,0.0,1.3888
1370,-100,-35.0,45.0,2.0,7.0,-65.71,99.97,0.02,1.0757
1363,-100,-35.0,40.0,4.0,7.0,-37.8767,55.83,35.34,0.6084
1369,-100,-35.0,45.0,2.0,5.5,-58.11,99.99,0.01,1.1885
1364,-100,-35.0,40.0,4.0,8.5,-37.1467,47.34,42.13,0.5641
1371,-100,-35.0,45.0,2.0,8.5,-65.7567,99.96,0.03,2.1759
1372,-100,-35.0,45.0,2.0,10.0,-67.37,99.52,0.38,1.1132
1374,-100,-35.0,45.0,2.5,2.5,-42.86,99.82,0.14,0.998
1373,-100,-35.0,45.0,2.5,1.0,-48.0,100.0,0.0,1.4339
1375,-100,-35.0,45.0,2.5,4.0,-53.67,100.0,0.0,1.2065
1380,-100,-35.0,45.0,3.0,1.0,-43.75,99.98,0.02,3.6479
1376,-100,-35.0,45.0,2.5,5.5,-56.52,99.66,0.28,1.1306
1377,-100,-35.0,45.0,2.5,7.0,-59.6033,99.27,0.58,2.306
1378,-100,-35.0,45.0,2.5,8.5,-58.18,98.1,1.52,2.3347
1379,-100,-35.0,45.0,2.5,10.0,-58.4233,94.89,4.09,1.1541
1382,-100,-35.0,45.0,3.0,4.0,-41.525,92.19,6.25,1.8494
1383,-100,-35.0,45.0,3.0,5.5,-50.6633,95.74,3.41,1.0967
1381,-100,-35.0,45.0,3.0,2.5,-45.29,99.96,0.03,0.9583
1384,-100,-35.0,45.0,3.0,7.0,-49.6167,92.45,6.04,1.0158
1386,-100,-35.0,45.0,3.0,10.0,-50.1633,76.71,18.64,1.0011
1385,-100,-35.0,45.0,3.0,8.5,-51.23,87.3,10.16,0.9783
1387,-100,-35.0,45.0,3.5,1.0,-41.51,91.54,6.77,1.2801
1388,-100,-35.0,45.0,3.5,2.5,-39.0733,74.43,20.46,0.288
1389,-100,-35.0,45.0,3.5,4.0,-43.1733,85.58,11.54,0.9643
1390,-100,-35.0,45.0,3.5,5.5,-39.4267,67.31,26.15,0.3695
1392,-100,-35.0,45.0,3.5,8.5,-42.7333,67.5,26.0,0.9256
1391,-100,-35.0,45.0,3.5,7.0,-40.77,57.27,34.19,0.7004
1393,-100,-35.0,45.0,3.5,10.0,-41.0667,54.99,36.01,0.7142
1394,-100,-35.0,45.0,4.0,1.0,-34.8967,63.87,28.91,0.4473
1395,-100,-35.0,45.0,4.0,2.5,-32.18,47.24,42.21,0.2936
1396,-100,-35.0,45.0,4.0,4.0,-31.8033,42.57,45.95,0.3903
1401,-100,-35.0,50.0,2.0,1.0,,100.0,0.0,0.0
1402,-100,-35.0,50.0,2.0,2.5,,100.0,0.0,0.0
1397,-100,-35.0,45.0,4.0,5.5,-35.1833,47.15,42.29,0.4298
1398,-100,-35.0,45.0,4.0,7.0,-29.9167,34.61,52.32,0.3946
1405,-100,-35.0,50.0,2.0,7.0,-64.0,100.0,0.0,2.6225
1404,-100,-35.0,50.0,2.0,5.5,-54.0,100.0,0.0,1.2379
1406,-100,-35.0,50.0,2.0,8.5,-69.7033,99.9,0.08,2.0383
1403,-100,-35.0,50.0,2.0,4.0,,100.0,0.0,0.0
1400,-100,-35.0,45.0,4.0,10.0,-36.1233,45.34,43.73,0.5906
1399,-100,-35.0,45.0,4.0,8.5,-33.3533,39.88,48.1,0.6368
1407,-100,-35.0,50.0,2.0,10.0,-62.3167,98.67,1.07,1.5438
1408,-100,-35.0,50.0,2.5,1.0,,100.0,0.0,0.0
1409,-100,-35.0,50.0,2.5,2.5,,100.0,0.0,0.0
1410,-100,-35.0,50.0,2.5,4.0,,100.0,0.0,0.0
1411,-100,-35.0,50.0,2.5,5.5,-57.125,99.84,0.13,2.5499
1412,-100,-35.0,50.0,2.5,7.0,-55.61,96.88,2.49,1.132
1415,-100,-35.0,50.0,3.0,1.0,-41.41,99.97,0.03,1.1418
1416,-100,-35.0,50.0,3.0,2.5,-39.39,92.13,6.29,0.7393
1413,-100,-35.0,50.0,2.5,8.5,-55.9667,95.97,3.23,1.0983
1414,-100,-35.0,50.0,2.5,10.0,-59.1233,95.09,3.93,1.0488
1418,-100,-35.0,50.0,3.0,5.5,-47.8467,96.86,2.52,1.8022
1417,-100,-35.0,50.0,3.0,4.0,-47.7067,90.79,7.37,1.0921
1419,-100,-35.0,50.0,3.0,7.0,-46.16,78.27,17.39,0.8657
1420,-100,-35.0,50.0,3.0,8.5,-48.4933,76.03,19.18,0.676
1421,-100,-35.0,50.0,3.0,10.0,-48.39,81.64,14.69,1.1901
1422,-100,-35.0,50.0,3.5,1.0,-36.2233,66.14,27.09,0.4158
1423,-100,-35.0,50.0,3.5,2.5,-38.97,71.36,22.91,0.2756
1424,-100,-35.0,50.0,3.5,4.0,-44.5433,83.5,13.2,0.9746
1425,-100,-35.0,50.0,3.5,5.5,-42.11,72.34,22.13,0.3988
1426,-100,-35.0,50.0,3.5,7.0,-39.08,61.22,31.03,0.4495
1427,-100,-35.0,50.0,3.5,8.5,-37.59,48.43,41.27,0.4896
1428,-100,-35.0,50.0,3.5,10.0,-40.61,55.87,35.31,0.766
1429,-100,-35.0,50.0,4.0,1.0,-29.1933,45.15,43.89,0.4007
1430,-100,-35.0,50.0,4.0,2.5,-32.7933,59.58,32.34,0.3742
1431,-100,-35.0,50.0,4.0,4.0,-31.85,38.09,49.53,0.4605
1432,-100,-35.0,50.0,4.0,5.5,-34.8367,52.3,38.16,0.5122
1436,-100,-35.0,55.0,2.0,1.0,,100.0,0.0,0.0
1437,-100,-35.0,55.0,2.0,2.5,,100.0,0.0,0.0
1433,-100,-35.0,50.0,4.0,7.0,-31.7967,33.3,53.36,0.47
1438,-100,-35.0,55.0,2.0,4.0,-47.0,100.0,0.0,0.5179
1434,-100,-35.0,50.0,4.0,8.5,-33.7767,37.7,49.84,0.4131
1439,-100,-35.0,55.0,2.0,5.5,,100.0,0.0,0.0
1435,-100,-35.0,50.0,4.0,10.0,-32.94,41.91,46.47,0.5111
1440,-100,-35.0,55.0,2.0,7.0,-57.845,99.97,0.03,1.1278
1442,-100,-35.0,55.0,2.0,10.0,-61.7433,99.19,0.65,1.3834
1441,-100,-35.0,55.0,2.0,8.5,-60.9433,99.78,0.17,1.3955
1443,-100,-35.0,55.0,2.5,1.0,,100.0,0.0,0.0
1444,-100,-35.0,55.0,2.5,2.5,-44.29,99.95,0.04,2.2761
1445,-100,-35.0,55.0,2.5,4.0,-47.58,99.91,0.07,2.2863
1446,-100,-35.0,55.0,2.5,5.5,-55.28,99.89,0.09,1.1295
1447,-100,-35.0,55.0,2.5,7.0,-57.0333,99.6,0.32,1.2052
1450,-100,-35.0,55.0,3.0,1.0,-39.75,99.37,0.5,1.0351
1448,-100,-35.0,55.0,2.5,8.5,-56.0867,97.23,2.21,1.1561
1449,-100,-35.0,55.0,2.5,10.0,-53.64,88.88,8.9,1.4182
1452,-100,-35.0,55.0,3.0,4.0,-44.75,90.8,7.36,1.04
1451,-100,-35.0,55.0,3.0,2.5,-40.635,90.55,7.56,0.8717
1453,-100,-35.0,55.0,3.0,5.5,-47.99,88.44,9.25,0.9539
1454,-100,-35.0,55.0,3.0,7.0,-48.6833,88.69,9.05,1.0983
1455,-100,-35.0,55.0,3.0,8.5,-48.7367,87.1,10.32,1.6046
1456,-100,-35.0,55.0,3.0,10.0,-48.1633,76.4,18.88,0.9696
1457,-100,-35.0,55.0,3.5,1.0,-36.6367,72.93,21.66,0.1584
1458,-100,-35.0,55.0,3.5,2.5,-37.7867,66.38,26.9,0.4521
1459,-100,-35.0,55.0,3.5,4.0,-36.2233,55.97,35.23,0.6772
1460,-100,-35.0,55.0,3.5,5.5,-40.0567,69.49,24.41,0.8305
1461,-100,-35.0,55.0,3.5,7.0,-35.3833,40.91,47.28,0.5117
1462,-100,-35.0,55.0,3.5,8.5,-37.7233,50.43,39.66,0.5822
1463,-100,-35.0,55.0,3.5,10.0,-37.5033,48.74,41.01,0.7933
1464,-100,-35.0,55.0,4.0,1.0,-31.2533,46.77,42.59,0.2107
1465,-100,-35.0,55.0,4.0,2.5,-33.1933,60.16,31.87,0.3688
1466,-100,-35.0,55.0,4.0,4.0,-34.1133,56.27,34.99,0.4845
1467,-100,-35.0,55.0,4.0,5.5,-31.8233,35.35,51.72,0.372
1471,-100,-30.0,25.0,2.0,1.0,,100.0,0.0,0.0
1472,-100,-30.0,25.0,2.0,2.5,,100.0,0.0,0.0
1468,-100,-35.0,55.0,4.0,7.0,-28.8067,26.68,58.66,0.3259
1469,-100,-35.0,55.0,4.0,8.5,-32.38,35.07,51.95,0.4815
1473,-100,-30.0,25.0,2.0,4.0,,100.0,0.0,0.0
1470,-100,-35.0,55.0,4.0,10.0,-30.23,37.15,50.28,0.5404
1474,-100,-30.0,25.0,2.0,5.5,,100.0,0.0,0.0
1477,-100,-30.0,25.0,2.0,10.0,-65.025,99.9,0.08,1.1613
1475,-100,-30.0,25.0,2.0,7.0,-63.0,100.0,0.0,0.8802
1476,-100,-30.0,25.0,2.0,8.5,-57.83,99.99,0.01,0.8824
1478,-100,-30.0,25.0,2.5,1.0,,100.0,0.0,0.0
1479,-100,-30.0,25.0,2.5,2.5,,100.0,0.0,0.0
1480,-100,-30.0,25.0,2.5,4.0,,100.0,0.0,0.0
1481,-100,-30.0,25.0,2.5,5.5,,100.0,0.0,0.0
1483,-100,-30.0,25.0,2.5,8.5,-55.675,99.91,0.07,1.0927
1482,-100,-30.0,25.0,2.5,7.0,-54.26,99.97,0.03,1.1345
1484,-100,-30.0,25.0,2.5,10.0,-70.52,99.86,0.11,1.2291
1485,-100,-30.0,25.0,3.0,1.0,,100.0,0.0,0.0
1489,-100,-30.0,25.0,3.0,7.0,-52.325,99.61,0.31,2.2615
1486,-100,-30.0,25.0,3.0,2.5,,100.0,0.0,0.0
1487,-100,-30.0,25.0,3.0,4.0,-42.5,100.0,0.0,1.0728
1488,-100,-30.0,25.0,3.0,5.5,-48.27,99.92,0.06,1.1148
1490,-100,-30.0,25.0,3.0,8.5,-56.98,99.72,0.23,1.0531
1491,-100,-30.0,25.0,3.0,10.0,-55.0433,95.16,3.88,1.0681
1492,-100,-30.0,25.0,3.5,1.0,-40.0,100.0,0.0,0.8882
1493,-100,-30.0,25.0,3.5,2.5,-40.64,99.99,0.01,1.1296
1494,-100,-30.0,25.0,3.5,4.0,-40.57,98.85,0.92,1.1603
1495,-100,-30.0,25.0,3.5,5.5,-50.3633,98.67,1.06,1.1327
1496,-100,-30.0,25.0,3.5,7.0,-51.8,97.09,2.33,1.041
1497,-100,-30.0,25.0,3.5,8.5,-48.3467,93.76,4.99,1.8794
1499,-100,-30.0,25.0,4.0,1.0,-34.32,99.12,0.7,1.1354
1498,-100,-30.0,25.0,3.5,10.0,-52.86,93.26,5.39,1.0288
1500,-100,-30.0,25.0,4.0,2.5,-37.49,91.8,6.56,1.741
1501,-100,-30.0,25.0,4.0,4.0,-40.4333,91.87,6.5,1.6509
1502,-100,-30.0,25.0,4.0,5.5,-41.8633,82.91,13.67,1.0425
1503,-100,-30.0,25.0,4.0,7.0,-45.29,84.63,12.3,0.8718
1504,-100,-30.0,25.0,4.0,8.5,-46.6533,85.14,11.89,0.9583
1507,-100,-30.0,30.0,2.0,2.5,,100.0,0.0,0.0
1506,-100,-30.0,30.0,2.0,1.0,,100.0,0.0,0.0
1505,-100,-30.0,25.0,4.0,10.0,-44.4067,72.27,22.18,0.5822
1509,-100,-30.0,30.0,2.0,5.5,,100.0,0.0,0.0
1511,-100,-30.0,30.0,2.0,8.5,-63.0,100.0,0.0,1.0727
1508,-100,-30.0,30.0,2.0,4.0,,100.0,0.0,0.0
1510,-100,-30.0,30.0,2.0,7.0,,100.0,0.0,0.0
1513,-100,-30.0,30.0,2.5,1.0,,100.0,0.0,0.0
1512,-100,-30.0,30.0,2.0,10.0,-63.88,99.93,0.06,1.0761
1514,-100,-30.0,30.0,2.5,2.5,,100.0,0.0,0.0
1515,-100,-30.0,30.0,2.5,4.0,,100.0,0.0,0.0
1516,-100,-30.0,30.0,2.5,5.5,-45.0,100.0,0.0,1.7922
1517,-100,-30.0,30.0,2.5,7.0,-54.5,99.99,0.0,2.2019
1522,-100,-30.0,30.0,3.0,4.0,-40.67,99.8,0.16,2.2433
1518,-100,-30.0,30.0,2.5,8.5,-59.61,99.69,0.25,2.3694
1519,-100,-30.0,30.0,2.5,10.0,-61.7267,99.74,0.21,1.9107
1520,-100,-30.0,30.0,3.0,1.0,,100.0,0.0,0.0
1524,-100,-30.0,30.0,3.0,7.0,-53.1733,99.86,0.12,1.5044
1521,-100,-30.0,30.0,3.0,2.5,,100.0,0.0,0.0
1523,-100,-30.0,30.0,3.0,5.5,-51.38,99.99,0.01,1.1008
1526,-100,-30.0,30.0,3.0,10.0,-54.11,93.0,5.6,1.1012
1525,-100,-30.0,30.0,3.0,8.5,-51.385,98.79,0.97,1.108
1527,-100,-30.0,30.0,3.5,1.0,-38.38,99.99,0.01,1.1882
1529,-100,-30.0,30.0,3.5,4.0,-45.295,93.76,4.99,0.9786
1528,-100,-30.0,30.0,3.5,2.5,-33.33,94.2,4.64,0.9041
1530,-100,-30.0,30.0,3.5,5.5,-48.5667,96.86,2.51,1.1027
1531,-100,-30.0,30.0,3.5,7.0,-45.1267,86.74,10.61,0.9019
1532,-100,-30.0,30.0,3.5,8.5,-50.8133,94.66,4.27,2.1012
1535,-100,-30.0,30.0,4.0,2.5,-36.775,97.01,2.4,3.5665
1533,-100,-30.0,30.0,3.5,10.0,-45.9433,76.62,18.71,0.8221
1534,-100,-30.0,30.0,4.0,1.0,-29.05,80.9,15.28,0.3649
1536,-100,-30.0,30.0,4.0,4.0,-36.87,82.15,14.28,0.8691
1537,-100,-30.0,30.0,4.0,5.5,-38.9433,83.31,13.35,1.0776
1538,-100,-30.0,30.0,4.0,7.0,-39.41,69.17,24.66,0.5643
1539,-100,-30.0,30.0,4.0,8.5,-40.2233,69.86,24.11,0.6121
1541,-100,-30.0,35.0,2.0,1.0,,100.0,0.0,0.0
1543,-100,-30.0,35.0,2.0,4.0,,100.0,0.0,0.0
1544,-100,-30.0,35.0,2.0,5.5,,100.0,0.0,0.0
1540,-100,-30.0,30.0,4.0,10.0,-38.33,62.61,29.91,0.7767
1545,-100,-30.0,35.0,2.0,7.0,-58.5,100.0,0.0,2.2099
1542,-100,-30.0,35.0,2.0,2.5,,100.0,0.0,0.0
1546,-100,-30.0,35.0,2.0,8.5,-57.66,99.97,0.02,1.2208
1547,-100,-30.0,35.0,2.0,10.0,-67.18,99.95,0.04,1.056
1548,-100,-30.0,35.0,2.5,1.0,,100.0,0.0,0.0
1549,-100,-30.0,35.0,2.5,2.5,,100.0,0.0,0.0
1550,-100,-30.0,35.0,2.5,4.0,-40.0,100.0,0.0,1.0737
1551,-100,-30.0,35.0,2.5,5.5,,100.0,0.0,0.0
1554,-100,-30.0,35.0,2.5,10.0,-61.54,99.67,0.26,3.166
1552,-100,-30.0,35.0,2.5,7.0,-53.83,99.98,0.02,1.2192
1555,-100,-30.0,35.0,3.0,1.0,,100.0,0.0,0.0
1553,-100,-30.0,35.0,2.5,8.5,-65.2067,99.61,0.31,1.0445
1556,-100,-30.0,35.0,3.0,2.5,,100.0,0.0,0.0
1557,-100,-30.0,35.0,3.0,4.0,-45.29,99.98,0.01,1.1242
1559,-100,-30.0,35.0,3.0,7.0,-54.4967,99.29,0.57,1.0772
1558,-100,-30.0,35.0,3.0,5.5,-54.6333,99.86,0.11,1.1195
1560,-100,-30.0,35.0,3.0,8.5,-52.91,94.64,4.29,1.0399
1561,-100,-30.0,35.0,3.0,10.0,-53.2733,92.29,6.17,0.9923
1562,-100,-30.0,35.0,3.5,1.0,-32.3,95.86,3.31,0.9287
1563,-100,-30.0,35.0,3.5,2.5,-38.88,99.91,0.07,1.9119
1564,-100,-30.0,35.0,3.5,4.0,-43.13,98.19,1.45,2.4021
1565,-100,-30.0,35.0,3.5,5.5,-40.13,85.65,11.48,1.0948
1570,-100,-30.0,35.0,4.0,2.5,-32.7,93.84,4.93,1.5254
1567,-100,-30.0,35.0,3.5,8.5,-45.11,81.09,15.13,0.9843
1569,-100,-30.0,35.0,4.0,1.0,-35.3833,83.49,13.21,0.9776
1566,-100,-30.0,35.0,3.5,7.0,-43.7567,78.46,17.23,0.6161
1568,-100,-30.0,35.0,3.5,10.0,-41.84,67.81,25.76,0.672
1571,-100,-30.0,35.0,4.0,4.0,-40.82,78.57,17.14,0.6212
1572,-100,-30.0,35.0,4.0,5.5,-36.6767,68.42,25.27,0.4271
1573,-100,-30.0,35.0,4.0,7.0,-39.2,76.25,19.0,0.9796
1574,-100,-30.0,35.0,4.0,8.5,-38.4267,65.15,27.88,0.4776
1576,-100,-30.0,40.0,2.0,1.0,,100.0,0.0,0.0
1577,-100,-30.0,40.0,2.0,2.5,,100.0,0.0,0.0
1578,-100,-30.0,40.0,2.0,4.0,,100.0,0.0,0.0
1580,-100,-30.0,40.0,2.0,7.0,,100.0,0.0,0.0
1575,-100,-30.0,35.0,4.0,10.0,-39.5333,58.84,32.92,0.7027
1579,-100,-30.0,40.0,2.0,5.5,,100.0,0.0,0.0
1581,-100,-30.0,40.0,2.0,8.5,-58.91,99.99,0.01,1.63
1583,-100,-30.0,40.0,2.5,1.0,,100.0,0.0,0.0
1582,-100,-30.0,40.0,2.0,10.0,-65.2667,99.81,0.16,1.0866
1584,-100,-30.0,40.0,2.5,2.5,,100.0,0.0,0.0
1585,-100,-30.0,40.0,2.5,4.0,-45.67,100.0,0.0,2.8184
1586,-100,-30.0,40.0,2.5,5.5,-55.0,100.0,0.0,0.8286
1587,-100,-30.0,40.0,2.5,7.0,-53.51,99.72,0.22,1.1256
1589,-100,-30.0,40.0,2.5,10.0,-61.8833,99.11,0.71,2.314
1588,-100,-30.0,40.0,2.5,8.5,-57.2833,99.44,0.45,1.0936
1590,-100,-30.0,40.0,3.0,1.0,-40.5,100.0,0.0,1.2594
1594,-100,-30.0,40.0,3.0,7.0,-49.19,98.2,1.44,2.2217
1592,-100,-30.0,40.0,3.0,4.0,-44.185,99.87,0.1,2.1907
1593,-100,-30.0,40.0,3.0,5.5,-39.64,96.12,3.11,1.0253
1591,-100,-30.0,40.0,3.0,2.5,-42.33,99.99,0.01,1.2008
1595,-100,-30.0,40.0,3.0,8.5,-51.89,93.67,5.06,1.4236
1596,-100,-30.0,40.0,3.0,10.0,-51.87,94.25,4.6,2.0723
1597,-100,-30.0,40.0,3.5,1.0,-37.1,99.98,0.02,1.3267
1598,-100,-30.0,40.0,3.5,2.5,-36.39,93.72,5.02,0.991
1600,-100,-30.0,40.0,3.5,5.5,-44.8367,91.68,6.65,1.1055
1599,-100,-30.0,40.0,3.5,4.0,-36.1967,79.39,16.49,0.6647
1601,-100,-30.0,40.0,3.5,7.0,-42.5633,86.08,11.14,0.9695
1602,-100,-30.0,40.0,3.5,8.5,-43.3833,73.63,21.1,0.698
1604,-100,-30.0,40.0,4.0,1.0,-33.96,73.41,21.27,0.2225
1603,-100,-30.0,40.0,3.5,10.0,-43.4,75.56,19.55,0.9947
1605,-100,-30.0,40.0,4.0,2.5,-36.4933,72.74,21.81,0.4342
1606,-100,-30.0,40.0,4.0,4.0,-33.23,68.55,25.16,0.5464
1607,-100,-30.0,40.0,4.0,5.5,-36.3767,71.6,22.72,0.8707
1608,-100,-30.0,40.0,4.0,7.0,-37.0133,65.1,27.93,0.7393
1609,-100,-30.0,40.0,4.0,8.5,-34.6633,51.67,38.67,0.4848
1610,-100,-30.0,40.0,4.0,10.0,-36.8933,62.5,30.0,0.8058
1611,-100,-30.0,45.0,2.0,1.0,,100.0,0.0,0.0
1612,-100,-30.0,45.0,2.0,2.5,,100.0,0.0,0.0
1614,-100,-30.0,45.0,2.0,5.5,,100.0,0.0,0.0
1615,-100,-30.0,45.0,2.0,7.0,,100.0,0.0,0.0
1616,-100,-30.0,45.0,2.0,8.5,-65.385,99.99,0.01,1.1166
1617,-100,-30.0,45.0,2.0,10.0,-64.3367,99.83,0.14,1.1706
1613,-100,-30.0,45.0,2.0,4.0,,100.0,0.0,0.0
1618,-100,-30.0,45.0,2.5,1.0,-44.0,100.0,0.0,1.0942
1619,-100,-30.0,45.0,2.5,2.5,,100.0,0.0,0.0
1620,-100,-30.0,45.0,2.5,4.0,,100.0,0.0,0.0
1621,-100,-30.0,45.0,2.5,5.5,-44.43,99.86,0.11,2.2885
1622,-100,-30.0,45.0,2.5,7.0,-53.09,99.93,0.06,1.1044
1624,-100,-30.0,45.0,2.5,10.0,-54.0033,97.65,1.88,1.7069
1623,-100,-30.0,45.0,2.5,8.5,-53.9667,99.53,0.37,1.0925
1625,-100,-30.0,45.0,3.0,1.0,-35.83,99.9,0.08,2.2291
1626,-100,-30.0,45.0,3.0,2.5,-37.15,99.45,0.44,1.0258
1627,-100,-30.0,45.0,3.0,4.0,-35.6,96.91,2.47,2.1591
1630,-100,-30.0,45.0,3.0,8.5,-51.67,96.33,2.94,1.0421
1628,-100,-30.0,45.0,3.0,5.5,-48.11,98.82,0.95,2.3102
1629,-100,-30.0,45.0,3.0,7.0,-49.59,99.19,0.65,3.8621
1632,-100,-30.0,45.0,3.5,1.0,-33.18,99.41,0.47,1.1431
1631,-100,-30.0,45.0,3.0,10.0,-49.9667,86.31,10.95,0.9537
1633,-100,-30.0,45.0,3.5,2.5,-38.96,97.05,2.36,2.2239
1634,-100,-30.0,45.0,3.5,4.0,-35.255,76.12,19.1,0.2798
1635,-100,-30.0,45.0,3.5,5.5,-40.58,83.52,13.18,0.8562
1637,-100,-30.0,45.0,3.5,8.5,-42.5867,78.69,17.05,0.9629
1636,-100,-30.0,45.0,3.5,7.0,-42.2233,81.4,14.88,0.8431
1640,-100,-30.0,45.0,4.0,2.5,-30.82,71.35,22.92,0.2801
1638,-100,-30.0,45.0,3.5,10.0,-40.99,75.22,19.83,1.3225
1641,-100,-30.0,45.0,4.0,4.0,-33.0967,61.54,30.77,0.4464
1642,-100,-30.0,45.0,4.0,5.5,-34.5867,75.03,19.97,1.135
1639,-100,-30.0,45.0,4.0,1.0,-27.3,57.03,34.38,0.312
1643,-100,-30.0,45.0,4.0,7.0,-35.3667,59.96,32.03,0.494
1646,-100,-30.0,50.0,2.0,1.0,,100.0,0.0,0.0
1647,-100,-30.0,50.0,2.0,2.5,,100.0,0.0,0.0
1644,-100,-30.0,45.0,4.0,8.5,-33.7333,47.91,41.68,0.4894
1645,-100,-30.0,45.0,4.0,10.0,-34.8167,50.48,39.62,0.5975
1648,-100,-30.0,50.0,2.0,4.0,,100.0,0.0,0.0
1649,-100,-30.0,50.0,2.0,5.5,,100.0,0.0,0.0
1650,-100,-30.0,50.0,2.0,7.0,-58.33,100.0,0.0,1.2496
1651,-100,-30.0,50.0,2.0,8.5,-57.27,99.93,0.06,1.1035
1652,-100,-30.0,50.0,2.0,10.0,-64.1133,99.75,0.2,1.0606
1653,-100,-30.0,50.0,2.5,1.0,,100.0,0.0,0.0
1654,-100,-30.0,50.0,2.5,2.5,,100.0,0.0,0.0
1655,-100,-30.0,50.0,2.5,4.0,-43.57,99.97,0.03,1.1578
1657,-100,-30.0,50.0,2.5,7.0,-48.165,98.73,1.02,1.1729
1656,-100,-30.0,50.0,2.5,5.5,-47.3,99.93,0.06,1.1604
1658,-100,-30.0,50.0,2.5,8.5,-58.5233,97.87,1.7,1.0923
1660,-100,-30.0,50.0,3.0,1.0,,100.0,0.0,0.0
1659,-100,-30.0,50.0,2.5,10.0,-55.6167,94.42,4.47,1.0748
1662,-100,-30.0,50.0,3.0,4.0,-45.6,99.91,0.07,1.005
1661,-100,-30.0,50.0,3.0,2.5,-38.5,99.87,0.11,1.1622
1663,-100,-30.0,50.0,3.0,5.5,-49.2567,94.98,4.01,2.1932
1665,-100,-30.0,50.0,3.0,8.5,-49.3633,90.8,7.36,1.0733
1666,-100,-30.0,50.0,3.0,10.0,-47.8633,90.71,7.43,1.8525
1664,-100,-30.0,50.0,3.0,7.0,-48.04,96.91,2.48,1.0083
1667,-100,-30.0,50.0,3.5,1.0,-29.79,80.99,15.21,0.5346
1668,-100,-30.0,50.0,3.5,2.5,-36.73,88.36,9.31,0.9509
1669,-100,-30.0,50.0,3.5,4.0,-38.9833,84.7,12.24,1.0949
1670,-100,-30.0,50.0,3.5,5.5,-42.1233,85.01,11.99,0.7887
1672,-100,-30.0,50.0,3.5,8.5,-41.92,81.04,15.17,1.0217
1671,-100,-30.0,50.0,3.5,7.0,-37.94,66.97,26.43,0.7965
1674,-100,-30.0,50.0,4.0,1.0,-29.645,73.22,21.43,0.2511
1673,-100,-30.0,50.0,3.5,10.0,-40.09,70.9,23.28,1.0867
1676,-100,-30.0,50.0,4.0,4.0,-30.79,60.61,31.52,0.6573
1675,-100,-30.0,50.0,4.0,2.5,-31.95,55.59,35.53,0.3903
1678,-100,-30.0,50.0,4.0,7.0,-31.5,54.58,36.33,0.5354
1677,-100,-30.0,50.0,4.0,5.5,-33.8667,62.66,29.88,0.4593
1681,-100,-30.0,55.0,2.0,1.0,,100.0,0.0,0.0
1683,-100,-30.0,55.0,2.0,4.0,,100.0,0.0,0.0
1682,-100,-30.0,55.0,2.0,2.5,,100.0,0.0,0.0
1679,-100,-30.0,50.0,4.0,8.5,-33.94,51.09,39.14,0.5616
1684,-100,-30.0,55.0,2.0,5.5,,100.0,0.0,0.0
1680,-100,-30.0,50.0,4.0,10.0,-33.4733,48.19,41.45,0.5657
1685,-100,-30.0,55.0,2.0,7.0,-55.375,100.0,0.0,1.2158
1686,-100,-30.0,55.0,2.0,8.5,-60.5833,99.94,0.05,1.1006
1688,-100,-30.0,55.0,2.5,1.0,,100.0,0.0,0.0
1687,-100,-30.0,55.0,2.0,10.0,-60.44,99.73,0.22,1.1161
1690,-100,-30.0,55.0,2.5,4.0,,100.0,0.0,0.0
1689,-100,-30.0,55.0,2.5,2.5,,100.0,0.0,0.0
1691,-100,-30.0,55.0,2.5,5.5,-47.82,99.99,0.01,2.539
1692,-100,-30.0,55.0,2.5,7.0,-57.795,99.35,0.52,1.1795
1693,-100,-30.0,55.0,2.5,8.5,-54.4633,99.23,0.61,1.3327
1697,-100,-30.0,55.0,3.0,4.0,-39.75,99.07,0.75,1.0284
1696,-100,-30.0,55.0,3.0,2.5,-36.04,99.03,0.78,1.1174
1694,-100,-30.0,55.0,2.5,10.0,-56.2467,96.79,2.57,1.2317
1695,-100,-30.0,55.0,3.0,1.0,,100.0,0.0,0.0
1698,-100,-30.0,55.0,3.0,5.5,-37.32,84.33,12.54,0.9416
1699,-100,-30.0,55.0,3.0,7.0,-44.3867,86.88,10.5,0.9804
1700,-100,-30.0,55.0,3.0,8.5,-45.3767,84.99,12.01,1.0398
1701,-100,-30.0,55.0,3.0,10.0,-47.5067,82.92,13.66,0.841
1703,-100,-30.0,55.0,3.5,2.5,-36.33,91.75,6.6,1.7516
1702,-100,-30.0,55.0,3.5,1.0,-34.93,90.54,7.57,0.7212
1704,-100,-30.0,55.0,3.5,4.0,-35.74,73.07,21.55,0.3748
1705,-100,-30.0,55.0,3.5,5.5,-38.85,77.16,18.27,0.6739
1706,-100,-30.0,55.0,3.5,7.0,-39.3833,77.12,18.31,0.9023
1709,-100,-30.0,55.0,4.0,1.0,-29.7633,71.38,22.9,0.2735
1708,-100,-30.0,55.0,3.5,10.0,-39.86,64.11,28.72,0.763
1707,-100,-30.0,55.0,3.5,8.5,-38.6367,62.64,29.89,0.6704
1710,-100,-30.0,55.0,4.0,2.5,-30.3533,57.13,34.3,0.3498
1711,-100,-30.0,55.0,4.0,4.0,-29.4767,61.13,31.1,0.4015
1712,-100,-30.0,55.0,4.0,5.5,-32.2533,54.7,36.24,0.4683
1713,-100,-30.0,55.0,4.0,7.0,-31.48,48.39,41.29,0.6032
1714,-100,-30.0,55.0,4.0,8.5,-26.96,30.29,55.78,0.382
1715,-100,-30.0,55.0,4.0,10.0,-31.04,39.51,48.4,0.4864
